"drive_id","drive_start","drive_end"
"2019_16_DAL_PHI_19","Punt","Field Goal"
"2019_08_DEN_IND_18","Punt","Turnover"
"2018_10_DET_CHI_20","Punt","Touchdown"
"2018_04_BUF_GB_17","Punt","Punt"
"2020_16_SF_ARI_22","Interception","Field Goal"
"2016_06_NYJ_ARI_17","Punt","Touchdown"
"2017_06_SF_WAS_12","Kickoff","Touchdown"
"2017_16_MIA_KC_3","Kickoff","Field Goal"
"2016_04_DEN_TB_11","Punt","Turnover"
"2016_05_CHI_IND_18","Kickoff","Touchdown"
"2020_14_NO_PHI_14","Punt","Touchdown"
"2016_06_IND_HOU_20","Kickoff","Punt"
"2017_11_KC_NYG_24","Punt","Field Goal"
"2017_03_DAL_ARI_10","Kickoff","Punt"
"2017_10_CIN_TEN_23","Punt","Punt"
"2017_17_WAS_NYG_18","Interception","Punt"
"2018_16_ATL_CAR_22","Fumble","Punt"
"2020_16_PHI_DAL_22","Interception","Punt"
"2020_02_CAR_TB_4","Kickoff","Turnover"
"2018_02_PHI_TB_7","Fumble","Turnover"
"2021_01_JAX_HOU_17","Punt","Punt"
"2020_04_IND_CHI_20","Interception","Field Goal"
"2020_12_KC_TB_10","Fumble","Touchdown"
"2017_08_MIA_BAL_9","Kickoff","Punt"
"2019_02_ARI_BAL_3","Kickoff","Punt"
"2019_13_LAC_DEN_4","Kickoff","Turnover"
"2020_12_NO_DEN_13","Kickoff","Turnover"
"2018_07_CAR_PHI_1","Kickoff","Punt"
"2019_11_ATL_CAR_19","Kickoff","Turnover"
"2018_12_ARI_LAC_18","Punt","Punt"
"2020_10_SF_NO_21","Kickoff","Field Goal"
"2018_08_CLE_PIT_24","Kickoff","Touchdown"
"2016_09_BUF_SEA_18","Punt","Punt"
"2020_12_TEN_IND_13","Kickoff","Punt"
"2019_12_SEA_PHI_2","Punt","Punt"
"2016_10_DEN_NO_8","Punt","Punt"
"2021_16_CHI_SEA_11","Kickoff","Punt"
"2017_09_ATL_CAR_9","Punt","Turnover"
"2019_11_CHI_LA_16","Punt","Punt"
"2021_06_LAC_BAL_18","Punt","Touchdown"
"2019_16_HOU_TB_25","Punt","Turnover"
"2019_05_MIN_NYG_17","Fumble","Field Goal"
"2021_05_IND_BAL_13","Fumble","Touchdown"
"2018_05_LA_SEA_2","Punt","Punt"
"2016_11_JAX_DET_13","Kickoff","Field Goal"
"2019_13_NO_ATL_8","Kickoff","Field Goal"
"2017_01_KC_NE_25","Kickoff","Punt"
"2017_04_PIT_BAL_8","Fumble","Touchdown"
"2016_09_NO_SF_19","Punt","Touchdown"
"2016_12_ARI_ATL_9","Kickoff","Punt"
"2020_02_DET_GB_8","Punt","Touchdown"
"2016_11_PHI_SEA_17","Interception","Touchdown"
"2019_08_PHI_BUF_1","Kickoff","Punt"
"2017_04_OAK_DEN_15","Kickoff","Punt"
"2018_14_PHI_DAL_24","Kickoff","Touchdown"
"2019_02_ARI_BAL_12","Kickoff","Punt"
"2020_05_LA_WAS_21","Punt","Punt"
"2020_13_IND_HOU_19","Punt","Turnover"
"2020_09_NO_TB_5","Fumble","Punt"
"2018_17_ATL_TB_4","Kickoff","Punt"
"2019_16_GB_MIN_7","Punt","Turnover"
"2016_02_JAX_SD_4","Punt","Turnover"
"2020_02_NYG_CHI_11","Kickoff","Punt"
"2019_14_DEN_HOU_14","Interception","Touchdown"
"2017_11_ARI_HOU_8","Kickoff","Punt"
"2018_05_ATL_PIT_17","Kickoff","Turnover"
"2020_17_MIA_BUF_13","Kickoff","Punt"
"2017_02_GB_ATL_17","Kickoff","Punt"
"2018_11_DAL_ATL_4","Kickoff","Punt"
"2019_06_DET_GB_21","Punt","Field Goal"
"2019_16_CIN_MIA_27","Punt","Punt"
"2020_15_JAX_BAL_14","Kickoff","Turnover"
"2021_05_IND_BAL_17","Kickoff","Field Goal"
"2017_08_ATL_NYJ_12","Kickoff","Field Goal"
"2020_15_JAX_BAL_15","Fumble","Touchdown"
"2017_15_CHI_DET_20","Punt","Turnover"
"2017_13_SF_CHI_1","Kickoff","Field Goal"
"2016_13_DET_NO_7","Punt","Field Goal"
"2021_13_TB_ATL_5","Punt","Punt"
"2021_16_JAX_NYJ_16","Kickoff","Field Goal"
"2018_06_KC_NE_23","Kickoff","Field Goal"
"2017_06_CHI_BAL_29","Kickoff","Punt"
"2021_06_GB_CHI_15","Kickoff","Touchdown"
"2018_17_IND_TEN_15","Punt","Punt"
"2018_13_CHI_NYG_28","Kickoff","Turnover"
"2020_03_CAR_LAC_13","Punt","Punt"
"2017_09_LA_NYG_16","Punt","Touchdown"
"2020_11_NE_HOU_2","Punt","Touchdown"
"2018_04_HOU_IND_14","Kickoff","Field Goal"
"2020_14_IND_LV_17","Kickoff","Touchdown"
"2018_11_MIN_CHI_11","Kickoff","Punt"
"2018_14_JAX_TEN_19","Fumble","Turnover"
"2021_03_ATL_NYG_11","Fumble","Turnover"
"2018_10_NYG_SF_8","Punt","Punt"
"2021_05_DEN_PIT_9","Kickoff","Touchdown"
"2021_17_CLE_PIT_5","Fumble","Turnover"
"2016_12_CIN_BAL_12","Kickoff","Punt"
"2017_03_BAL_JAX_5","Kickoff","Punt"
"2017_06_PHI_CAR_25","Punt","Turnover"
"2016_08_GB_ATL_16","Kickoff","Touchdown"
"2019_04_CAR_HOU_11","Punt","Punt"
"2017_08_HOU_SEA_4","Kickoff","Touchdown"
"2021_03_NO_NE_15","Kickoff","Punt"
"2020_01_NYJ_BUF_4","Punt","Touchdown"
"2019_04_CAR_HOU_19","Kickoff","Punt"
"2018_13_DEN_CIN_3","Punt","Punt"
"2018_15_HOU_NYJ_15","Punt","Punt"
"2018_04_MIN_LA_1","Kickoff","Touchdown"
"2021_04_BAL_DEN_6","Punt","Punt"
"2017_10_PIT_IND_22","Punt","Field Goal"
"2021_07_CHI_TB_1","Kickoff","Punt"
"2016_15_PIT_CIN_4","Kickoff","Punt"
"2016_15_NE_DEN_2","Punt","Field Goal"
"2020_16_BUF_NE_1","Kickoff","Field Goal"
"2021_18_CHI_MIN_5","Punt","Turnover"
"2018_10_ARI_KC_16","Interception","Touchdown"
"2018_09_LA_NO_2","Kickoff","Touchdown"
"2018_08_SEA_DET_2","Punt","Touchdown"
"2020_09_NYG_WAS_3","Fumble","Field Goal"
"2021_08_PIT_CLE_4","Fumble","Field Goal"
"2016_05_NE_CLE_6","Kickoff","Touchdown"
"2016_06_SF_BUF_17","Kickoff","Field Goal"
"2018_01_CHI_GB_10","Fumble","Punt"
"2019_08_PHI_BUF_17","Fumble","Punt"
"2017_15_HOU_JAX_6","Punt","Touchdown"
"2018_05_MIA_CIN_16","Kickoff","Punt"
"2016_08_SEA_NO_6","Punt","Field Goal"
"2020_13_NYG_SEA_1","Kickoff","Field Goal"
"2016_08_NYJ_CLE_5","Punt","Field Goal"
"2021_09_ARI_SF_2","Punt","Punt"
"2019_01_DET_ARI_10","Kickoff","Punt"
"2016_17_CLE_PIT_22","Kickoff","Touchdown"
"2021_18_CIN_CLE_16","Kickoff","Turnover"
"2019_16_NO_TEN_15","Kickoff","Touchdown"
"2017_02_DET_NYG_5","Kickoff","Turnover"
"2021_03_CIN_PIT_6","Interception","Touchdown"
"2020_08_SF_SEA_17","Kickoff","Touchdown"
"2016_16_NYJ_NE_2","Punt","Field Goal"
"2020_09_LV_LAC_7","Punt","Punt"
"2020_08_NO_CHI_21","Punt","Field Goal"
"2018_03_OAK_MIA_20","Interception","Touchdown"
"2018_13_LAC_PIT_9","Punt","Punt"
"2019_11_ARI_SF_8","Kickoff","Touchdown"
"2017_02_MIA_LAC_15","Punt","Field Goal"
"2020_17_BAL_CIN_1","Kickoff","Field Goal"
"2018_16_CHI_SF_14","Punt","Punt"
"2016_06_CLE_TEN_15","Punt","Touchdown"
"2016_08_KC_IND_25","Kickoff","Turnover"
"2016_15_MIA_NYJ_3","Punt","Turnover"
"2017_05_NYJ_CLE_4","Punt","Turnover"
"2018_01_PIT_CLE_26","Punt","Punt"
"2021_05_MIA_TB_16","Kickoff","Turnover"
"2019_15_PHI_WAS_19","Kickoff","Touchdown"
"2019_07_ARI_NYG_15","Kickoff","Field Goal"
"2019_09_DET_OAK_3","Kickoff","Touchdown"
"2021_16_PIT_KC_19","Kickoff","Touchdown"
"2018_12_PIT_DEN_6","Punt","Field Goal"
"2017_03_KC_LAC_20","Punt","Touchdown"
"2019_11_DAL_DET_16","Kickoff","Field Goal"
"2021_06_CIN_DET_17","Punt","Touchdown"
"2017_04_BUF_ATL_17","Kickoff","Turnover"
"2019_06_SF_LA_11","Fumble","Touchdown"
"2016_10_CLE_BAL_8","Kickoff","Touchdown"
"2020_01_ARI_SF_2","Kickoff","Punt"
"2017_06_LA_JAX_20","Fumble","Field Goal"
"2020_16_TEN_GB_13","Punt","Touchdown"
"2017_08_CAR_TB_6","Punt","Punt"
"2019_16_JAX_ATL_3","Kickoff","Touchdown"
"2017_02_CLE_BAL_4","Fumble","Touchdown"
"2017_17_WAS_NYG_8","Kickoff","Punt"
"2019_11_NE_PHI_1","Kickoff","Field Goal"
"2019_08_NYJ_JAX_4","Punt","Turnover"
"2018_11_CIN_BAL_1","Kickoff","Punt"
"2020_11_LA_TB_14","Kickoff","Punt"
"2018_09_NYJ_MIA_6","Punt","Turnover"
"2021_13_PHI_NYJ_2","Kickoff","Touchdown"
"2019_05_JAX_CAR_24","Kickoff","Turnover"
"2019_09_IND_PIT_9","Kickoff","Turnover"
"2017_02_DAL_DEN_1","Kickoff","Punt"
"2016_05_SD_OAK_1","Kickoff","Turnover"
"2016_15_PHI_BAL_11","Kickoff","Field Goal"
"2016_12_ARI_ATL_10","Punt","Turnover"
"2020_16_PHI_DAL_7","Kickoff","Punt"
"2017_15_MIA_BUF_16","Punt","Punt"
"2018_08_SF_ARI_18","Kickoff","Touchdown"
"2017_14_CHI_CIN_21","Fumble","Turnover"
"2019_17_PHI_NYG_11","Kickoff","Touchdown"
"2019_01_BUF_NYJ_9","Fumble","Punt"
"2021_16_MIA_NO_7","Punt","Punt"
"2016_02_ATL_OAK_1","Kickoff","Punt"
"2018_12_OAK_BAL_1","Kickoff","Touchdown"
"2017_14_OAK_KC_11","Kickoff","Field Goal"
"2020_15_HOU_IND_5","Kickoff","Punt"
"2017_08_IND_CIN_4","Punt","Field Goal"
"2016_08_WAS_CIN_16","Kickoff","Touchdown"
"2020_03_KC_BAL_1","Kickoff","Field Goal"
"2020_08_NO_CHI_16","Punt","Turnover"
"2021_08_DAL_MIN_21","Punt","Field Goal"
"2016_07_NE_PIT_4","Interception","Touchdown"
"2021_11_NYG_TB_4","Kickoff","Punt"
"2019_06_CIN_BAL_7","Kickoff","Punt"
"2021_02_ATL_TB_18","Kickoff","Punt"
"2021_15_HOU_JAX_10","Kickoff","Punt"
"2020_16_CAR_WAS_15","Kickoff","Turnover"
"2016_04_BUF_NE_4","Punt","Field Goal"
"2019_12_PIT_CIN_20","Punt","Punt"
"2017_11_BAL_GB_14","Punt","Punt"
"2018_11_TEN_IND_18","Punt","Punt"
"2019_15_BUF_PIT_20","Kickoff","Punt"
"2019_14_CAR_ATL_22","Kickoff","Field Goal"
"2018_09_OAK_SF_3","Kickoff","Punt"
"2019_15_MIA_NYG_17","Kickoff","Touchdown"
"2021_17_LV_IND_10","Kickoff","Touchdown"
"2020_09_HOU_JAX_10","Kickoff","Turnover"
"2017_02_NE_NO_1","Kickoff","Touchdown"
"2020_16_DEN_LAC_15","Kickoff","Punt"
"2021_18_PIT_BAL_10","Punt","Punt"
"2020_10_TB_CAR_16","Fumble","Field Goal"
"2016_05_NE_CLE_15","Kickoff","Turnover"
"2020_06_ATL_MIN_15","Kickoff","Touchdown"
"2021_09_DEN_DAL_16","Punt","Touchdown"
"2019_12_GB_SF_10","Fumble","Punt"
"2021_06_LV_DEN_11","Punt","Touchdown"
"2017_04_WAS_KC_12","Kickoff","Touchdown"
"2020_06_GB_TB_2","Kickoff","Punt"
"2016_12_NYG_CLE_25","Kickoff","Turnover"
"2018_06_ARI_MIN_23","Fumble","Punt"
"2017_05_TEN_MIA_3","Punt","Punt"
"2018_12_SEA_CAR_7","Punt","Punt"
"2020_09_HOU_JAX_16","Interception","Touchdown"
"2020_01_IND_JAX_15","Kickoff","Touchdown"
"2018_13_NO_DAL_6","Kickoff","Punt"
"2017_06_PHI_CAR_13","Kickoff","Turnover"
"2018_02_IND_WAS_16","Interception","Field Goal"
"2018_13_SF_SEA_12","Kickoff","Field Goal"
"2020_01_SEA_ATL_7","Punt","Punt"
"2018_13_KC_OAK_13","Kickoff","Field Goal"
"2016_16_TB_NO_3","Punt","Touchdown"
"2020_04_BAL_WAS_17","Punt","Turnover"
"2021_01_ARI_TEN_8","Punt","Touchdown"
"2021_06_CIN_DET_12","Punt","Field Goal"
"2016_02_MIA_NE_19","Punt","Touchdown"
"2021_09_CLE_CIN_10","Kickoff","Punt"
"2021_09_DEN_DAL_17","Kickoff","Turnover"
"2019_03_MIA_DAL_19","Punt","Field Goal"
"2019_04_NE_BUF_13","Punt","Field Goal"
"2020_04_ARI_CAR_13","Fumble","Touchdown"
"2020_02_SF_NYJ_3","Punt","Punt"
"2017_13_MIN_ATL_4","Punt","Punt"
"2019_03_MIA_DAL_17","Punt","Punt"
"2017_05_NE_TB_1","Kickoff","Turnover"
"2019_17_PHI_NYG_5","Punt","Punt"
"2021_01_GB_NO_5","Punt","Touchdown"
"2018_02_NYG_DAL_15","Kickoff","Punt"
"2021_17_JAX_NE_5","Kickoff","Turnover"
"2019_01_DET_ARI_4","Punt","Turnover"
"2019_11_KC_LAC_15","Kickoff","Touchdown"
"2019_04_LAC_MIA_15","Kickoff","Turnover"
"2016_04_MIA_CIN_20","Punt","Turnover"
"2016_12_SD_HOU_5","Punt","Punt"
"2021_05_BUF_KC_8","Punt","Field Goal"
"2021_12_TB_IND_23","Kickoff","Touchdown"
"2021_05_NO_WAS_4","Kickoff","Field Goal"
"2020_07_PIT_TEN_12","Kickoff","Touchdown"
"2019_07_HOU_IND_11","Kickoff","Touchdown"
"2021_12_PHI_NYG_10","Fumble","Touchdown"
"2017_04_NYG_TB_22","Punt","Touchdown"
"2016_11_GB_WAS_13","Kickoff","Field Goal"
"2017_13_MIN_ATL_2","Punt","Field Goal"
"2016_10_MIN_WAS_13","Kickoff","Punt"
"2018_14_PIT_OAK_5","Kickoff","Field Goal"
"2020_04_ATL_GB_13","Kickoff","Touchdown"
"2016_12_NE_NYJ_5","Punt","Punt"
"2018_16_JAX_MIA_12","Punt","Turnover"
"2019_01_BAL_MIA_20","Interception","Touchdown"
"2018_07_LA_SF_18","Kickoff","Field Goal"
"2016_06_IND_HOU_3","Punt","Punt"
"2020_12_HOU_DET_19","Kickoff","Turnover"
"2020_12_SEA_PHI_4","Punt","Turnover"
"2018_11_KC_LA_9","Kickoff","Punt"
"2017_14_GB_CLE_6","Punt","Touchdown"
"2016_14_OAK_KC_6","Punt","Punt"
"2019_07_SF_WAS_15","Punt","Field Goal"
"2016_03_NYJ_KC_1","Kickoff","Punt"
"2016_06_CLE_TEN_18","Punt","Punt"
"2016_16_IND_OAK_5","Punt","Turnover"
"2021_16_LA_MIN_1","Kickoff","Punt"
"2019_14_DET_MIN_1","Kickoff","Punt"
"2017_05_SF_IND_14","Kickoff","Punt"
"2017_16_MIN_GB_17","Kickoff","Punt"
"2020_12_BAL_PIT_15","Punt","Punt"
"2020_01_TB_NO_10","Kickoff","Punt"
"2016_14_SD_CAR_13","Kickoff","Touchdown"
"2016_03_WAS_NYG_8","Kickoff","Touchdown"
"2020_14_TEN_JAX_5","Punt","Punt"
"2017_14_CHI_CIN_16","Kickoff","Turnover"
"2020_14_BAL_CLE_21","Kickoff","Touchdown"
"2019_02_PHI_ATL_22","Kickoff","Touchdown"
"2019_04_LAC_MIA_11","Kickoff","Punt"
"2017_14_MIN_CAR_7","Punt","Punt"
"2019_04_WAS_NYG_16","Punt","Punt"
"2016_04_IND_JAX_5","Kickoff","Field Goal"
"2018_11_OAK_ARI_27","Punt","Field Goal"
"2017_16_PIT_HOU_3","Punt","Touchdown"
"2016_14_BAL_NE_11","Interception","Turnover"
"2019_03_NYJ_NE_15","Punt","Turnover"
"2021_01_CLE_KC_1","Kickoff","Touchdown"
"2021_18_LAC_LV_2","Kickoff","Punt"
"2019_15_CHI_GB_18","Kickoff","Punt"
"2020_14_TEN_JAX_20","Punt","Turnover"
"2020_16_MIN_NO_11","Kickoff","Punt"
"2016_13_NYG_PIT_23","Kickoff","Touchdown"
"2021_02_DEN_JAX_4","Punt","Punt"
"2018_08_CLE_PIT_17","Kickoff","Touchdown"
"2016_05_WAS_BAL_10","Fumble","Punt"
"2019_02_ARI_BAL_5","Fumble","Field Goal"
"2020_09_CAR_KC_12","Kickoff","Punt"
"2017_01_ARI_DET_20","Punt","Touchdown"
"2020_05_CAR_ATL_8","Kickoff","Punt"
"2018_11_MIN_CHI_2","Punt","Field Goal"
"2018_12_ATL_NO_6","Kickoff","Punt"
"2020_16_ATL_KC_10","Kickoff","Turnover"
"2017_11_CIN_DEN_12","Punt","Punt"
"2020_01_PHI_WAS_1","Kickoff","Punt"
"2018_17_MIA_BUF_22","Fumble","Touchdown"
"2020_07_CAR_NO_9","Kickoff","Punt"
"2020_06_LA_SF_6","Kickoff","Touchdown"
"2018_05_ARI_SF_10","Punt","Punt"
"2019_03_ATL_IND_2","Kickoff","Punt"
"2020_17_GB_CHI_5","Kickoff","Touchdown"
"2016_01_PIT_WAS_17","Kickoff","Turnover"
"2021_11_BAL_CHI_1","Kickoff","Punt"
"2021_13_LAC_CIN_8","Punt","Punt"
"2016_01_BUF_BAL_14","Fumble","Punt"
"2017_07_ATL_NE_8","Kickoff","Turnover"
"2020_16_ATL_KC_17","Punt","Touchdown"
"2021_15_TEN_PIT_6","Punt","Field Goal"
"2017_12_SEA_SF_6","Punt","Punt"
"2020_13_CLE_TEN_8","Kickoff","Punt"
"2016_03_DET_GB_4","Kickoff","Punt"
"2020_03_KC_BAL_12","Fumble","Field Goal"
"2016_12_LA_NO_3","Punt","Punt"
"2021_10_LA_SF_16","Fumble","Punt"
"2019_02_CLE_NYJ_10","Punt","Punt"
"2017_12_MIN_DET_13","Kickoff","Touchdown"
"2017_16_TB_CAR_15","Kickoff","Field Goal"
"2016_05_TEN_MIA_16","Kickoff","Punt"
"2020_13_CLE_TEN_12","Kickoff","Turnover"
"2017_03_BAL_JAX_19","Fumble","Touchdown"
"2016_11_MIA_LA_22","Punt","Punt"
"2021_03_LAC_KC_15","Kickoff","Touchdown"
"2017_01_PHI_WAS_6","Punt","Punt"
"2020_15_LAC_LV_4","Kickoff","Punt"
"2020_07_CHI_LA_5","Kickoff","Field Goal"
"2021_05_NYG_DAL_6","Fumble","Punt"
"2020_10_SF_NO_20","Punt","Touchdown"
"2017_17_CIN_BAL_24","Kickoff","Punt"
"2018_14_PIT_OAK_14","Fumble","Turnover"
"2019_16_LA_SF_20","Kickoff","Punt"
"2018_01_LA_OAK_15","Punt","Touchdown"
"2017_10_CLE_DET_12","Kickoff","Touchdown"
"2018_08_IND_OAK_17","Kickoff","Turnover"
"2016_05_SD_OAK_23","Fumble","Punt"
"2017_11_KC_NYG_4","Interception","Touchdown"
"2018_04_SEA_ARI_20","Kickoff","Punt"
"2019_15_DEN_KC_2","Punt","Touchdown"
"2016_11_TEN_IND_15","Kickoff","Punt"
"2018_06_TB_ATL_5","Kickoff","Punt"
"2019_06_TEN_DEN_5","Punt","Punt"
"2017_12_GB_PIT_19","Kickoff","Touchdown"
"2020_10_PHI_NYG_14","Punt","Punt"
"2020_17_ARI_LA_17","Punt","Field Goal"
"2016_15_PIT_CIN_17","Kickoff","Punt"
"2021_13_DAL_NO_1","Kickoff","Punt"
"2021_04_PIT_GB_13","Kickoff","Turnover"
"2016_13_KC_ATL_13","Fumble","Punt"
"2016_02_CIN_PIT_17","Kickoff","Punt"
"2020_14_NE_LA_13","Punt","Touchdown"
"2019_16_CIN_MIA_10","Punt","Punt"
"2020_17_SEA_SF_2","Punt","Punt"
"2019_17_SF_SEA_2","Punt","Field Goal"
"2021_09_DEN_DAL_9","Kickoff","Punt"
"2020_14_PIT_BUF_9","Punt","Punt"
"2018_08_DEN_KC_23","Kickoff","Punt"
"2018_13_KC_OAK_22","Kickoff","Touchdown"
"2017_04_LA_DAL_12","Punt","Field Goal"
"2019_04_NE_BUF_25","Punt","Punt"
"2017_03_NO_CAR_14","Kickoff","Turnover"
"2021_16_BAL_CIN_3","Kickoff","Touchdown"
"2018_08_NE_BUF_6","Kickoff","Punt"
"2018_12_TEN_HOU_12","Punt","Field Goal"
"2020_17_LAC_KC_16","Kickoff","Punt"
"2017_01_SEA_GB_18","Punt","Field Goal"
"2018_09_TB_CAR_17","Punt","Punt"
"2017_04_SF_ARI_17","Punt","Field Goal"
"2019_01_ATL_MIN_19","Punt","Touchdown"
"2016_08_NYJ_CLE_4","Punt","Punt"
"2017_05_KC_HOU_6","Kickoff","Turnover"
"2021_10_KC_LV_17","Kickoff","Punt"
"2016_16_DEN_KC_20","Punt","Punt"
"2021_10_TB_WAS_14","Kickoff","Touchdown"
"2018_08_SEA_DET_11","Punt","Turnover"
"2016_05_NE_CLE_4","Kickoff","Touchdown"
"2021_03_LAC_KC_7","Fumble","Touchdown"
"2021_14_CHI_GB_6","Kickoff","Touchdown"
"2016_10_HOU_JAX_11","Punt","Punt"
"2020_16_CLE_NYJ_21","Punt","Punt"
"2021_10_DET_PIT_20","Punt","Punt"
"2021_02_DET_GB_9","Kickoff","Touchdown"
"2017_05_MIN_CHI_9","Punt","Punt"
"2019_08_NYG_DET_2","Punt","Turnover"
"2017_05_SEA_LA_10","Kickoff","Touchdown"
"2020_11_MIA_DEN_2","Punt","Turnover"
"2019_04_PHI_GB_14","Kickoff","Punt"
"2021_06_LAC_BAL_12","Kickoff","Punt"
"2021_18_NO_ATL_14","Fumble","Punt"
"2017_06_NE_NYJ_14","Interception","Touchdown"
"2021_12_TEN_NE_1","Kickoff","Punt"
"2019_04_MIN_CHI_3","Punt","Punt"
"2019_14_DET_MIN_23","Fumble","Turnover"
"2021_10_MIN_LAC_11","Kickoff","Punt"
"2017_14_PHI_LA_23","Punt","Punt"
"2017_14_TEN_ARI_9","Punt","Punt"
"2017_11_TB_MIA_21","Punt","Turnover"
"2021_13_JAX_LA_6","Punt","Touchdown"
"2016_17_BAL_CIN_8","Interception","Field Goal"
"2017_16_CLE_CHI_20","Punt","Punt"
"2018_08_NO_MIN_5","Kickoff","Field Goal"
"2017_10_NO_BUF_16","Kickoff","Punt"
"2019_04_CLE_BAL_3","Punt","Touchdown"
"2017_14_OAK_KC_8","Interception","Field Goal"
"2020_13_LA_ARI_17","Punt","Touchdown"
"2018_09_CHI_BUF_15","Kickoff","Field Goal"
"2017_02_PHI_KC_3","Kickoff","Punt"
"2018_08_TB_CIN_19","Kickoff","Field Goal"
"2017_03_CIN_GB_7","Kickoff","Punt"
"2021_15_NYJ_MIA_22","Punt","Punt"
"2017_15_LA_SEA_2","Fumble","Field Goal"
"2016_07_MIN_PHI_10","Punt","Field Goal"
"2019_05_GB_DAL_17","Kickoff","Touchdown"
"2017_08_IND_CIN_21","Punt","Turnover"
"2021_13_LAC_CIN_19","Punt","Punt"
"2016_03_OAK_TEN_21","Punt","Punt"
"2016_04_CLE_WAS_9","Kickoff","Field Goal"
"2021_08_CIN_NYJ_2","Kickoff","Punt"
"2017_09_ATL_CAR_24","Fumble","Turnover"
"2020_12_CLE_JAX_11","Fumble","Touchdown"
"2016_13_MIA_BAL_17","Kickoff","Touchdown"
"2021_15_CIN_DEN_9","Kickoff","Punt"
"2019_14_TEN_OAK_13","Punt","Touchdown"
"2021_07_IND_SF_14","Fumble","Touchdown"
"2019_10_MIN_DAL_9","Punt","Touchdown"
"2020_11_TEN_BAL_19","Kickoff","Punt"
"2020_03_CHI_ATL_17","Interception","Punt"
"2017_03_HOU_NE_5","Punt","Punt"
"2021_12_CLE_BAL_17","Punt","Punt"
"2019_06_WAS_MIA_2","Punt","Punt"
"2016_05_CHI_IND_5","Kickoff","Field Goal"
"2017_08_LAC_NE_13","Punt","Field Goal"
"2017_06_DET_NO_30","Interception","Punt"
"2019_15_TB_DET_8","Punt","Punt"
"2021_16_WAS_DAL_20","Fumble","Touchdown"
"2018_13_DEN_CIN_5","Punt","Punt"
"2020_11_GB_IND_13","Kickoff","Touchdown"
"2017_16_NYG_ARI_26","Fumble","Punt"
"2019_04_CLE_BAL_9","Kickoff","Field Goal"
"2018_04_MIN_LA_15","Punt","Field Goal"
"2017_16_IND_BAL_10","Kickoff","Field Goal"
"2016_10_SEA_NE_1","Kickoff","Touchdown"
"2020_08_TB_NYG_19","Kickoff","Punt"
"2018_17_DAL_NYG_1","Kickoff","Turnover"
"2019_03_TEN_JAX_15","Kickoff","Turnover"
"2018_04_HOU_IND_11","Punt","Punt"
"2019_10_BUF_CLE_17","Punt","Punt"
"2018_10_ATL_CLE_18","Kickoff","Punt"
"2019_04_PHI_GB_2","Punt","Touchdown"
"2016_11_JAX_DET_8","Fumble","Punt"
"2018_12_ATL_NO_16","Punt","Turnover"
"2017_17_GB_DET_13","Punt","Field Goal"
"2018_11_TB_NYG_12","Interception","Field Goal"
"2019_05_BAL_PIT_15","Interception","Touchdown"
"2016_17_DAL_PHI_12","Interception","Touchdown"
"2018_05_WAS_NO_15","Interception","Touchdown"
"2017_01_IND_LA_7","Punt","Punt"
"2018_14_PHI_DAL_6","Interception","Punt"
"2020_01_SEA_ATL_20","Fumble","Touchdown"
"2020_15_NYJ_LA_2","Punt","Touchdown"
"2019_10_BUF_CLE_8","Kickoff","Field Goal"
"2019_02_PHI_ATL_15","Kickoff","Punt"
"2018_05_BAL_CLE_14","Kickoff","Punt"
"2018_15_HOU_NYJ_13","Kickoff","Punt"
"2019_05_CLE_SF_20","Punt","Punt"
"2021_14_NO_NYJ_11","Kickoff","Field Goal"
"2020_13_NYG_SEA_15","Kickoff","Turnover"
"2016_07_OAK_JAX_19","Punt","Field Goal"
"2021_08_MIA_BUF_9","Punt","Turnover"
"2021_16_BAL_CIN_1","Kickoff","Field Goal"
"2020_12_TEN_IND_23","Kickoff","Turnover"
"2016_08_WAS_CIN_4","Fumble","Punt"
"2019_16_HOU_TB_4","Kickoff","Field Goal"
"2018_07_CLE_TB_8","Punt","Touchdown"
"2017_17_KC_DEN_11","Interception","Punt"
"2017_04_TEN_HOU_1","Kickoff","Turnover"
"2021_04_KC_PHI_1","Kickoff","Field Goal"
"2019_17_ARI_LA_18","Punt","Touchdown"
"2019_17_ARI_LA_5","Kickoff","Punt"
"2021_06_TB_PHI_5","Punt","Punt"
"2016_10_CHI_TB_22","Kickoff","Punt"
"2018_09_TB_CAR_5","Kickoff","Punt"
"2018_06_LA_DEN_18","Kickoff","Field Goal"
"2017_04_CIN_CLE_16","Punt","Punt"
"2021_14_NO_NYJ_18","Fumble","Touchdown"
"2017_10_SEA_ARI_7","Kickoff","Punt"
"2017_04_PIT_BAL_5","Punt","Punt"
"2018_15_PHI_LA_6","Interception","Turnover"
"2021_15_SEA_LA_18","Punt","Turnover"
"2016_03_LA_TB_6","Punt","Field Goal"
"2017_07_SEA_NYG_19","Punt","Turnover"
"2020_02_NE_SEA_15","Kickoff","Punt"
"2019_15_CHI_GB_17","Punt","Field Goal"
"2016_09_ATL_TB_7","Kickoff","Punt"
"2021_04_SEA_SF_4","Punt","Turnover"
"2016_11_PIT_CLE_2","Interception","Field Goal"
"2020_08_DAL_PHI_18","Kickoff","Turnover"
"2019_03_PIT_SF_11","Punt","Field Goal"
"2019_03_NYG_TB_10","Kickoff","Punt"
"2016_10_KC_CAR_5","Punt","Punt"
"2019_12_IND_HOU_17","Punt","Turnover"
"2016_16_NYG_PHI_12","Kickoff","Touchdown"
"2021_02_ATL_TB_11","Punt","Touchdown"
"2016_08_ARI_CAR_8","Kickoff","Punt"
"2018_11_DEN_LAC_15","Kickoff","Punt"
"2018_15_NE_PIT_1","Kickoff","Touchdown"
"2020_13_BUF_SF_18","Punt","Touchdown"
"2020_11_MIA_DEN_18","Punt","Field Goal"
"2016_03_OAK_TEN_4","Punt","Punt"
"2018_17_DET_GB_9","Punt","Touchdown"
"2018_05_ARI_SF_13","Punt","Punt"
"2019_12_TB_ATL_19","Kickoff","Field Goal"
"2017_12_MIA_NE_9","Interception","Turnover"
"2018_01_TEN_MIA_6","Punt","Turnover"
"2019_14_SEA_LA_15","Punt","Punt"
"2020_02_BAL_HOU_3","Punt","Punt"
"2019_03_CIN_BUF_1","Kickoff","Punt"
"2017_04_CIN_CLE_21","Punt","Touchdown"
"2017_11_TB_MIA_11","Punt","Punt"
"2018_05_BAL_CLE_1","Kickoff","Punt"
"2017_05_KC_HOU_20","Punt","Touchdown"
"2021_03_WAS_BUF_2","Kickoff","Punt"
"2018_08_TB_CIN_24","Punt","Punt"
"2020_13_IND_HOU_2","Punt","Touchdown"
"2018_13_DEN_CIN_18","Kickoff","Turnover"
"2017_12_JAX_ARI_15","Kickoff","Punt"
"2016_14_ATL_LA_8","Kickoff","Punt"
"2017_05_JAX_PIT_16","Kickoff","Punt"
"2016_11_PHI_SEA_8","Kickoff","Punt"
"2021_08_DAL_MIN_7","Kickoff","Field Goal"
"2017_04_NO_MIA_11","Punt","Punt"
"2019_02_MIN_GB_2","Kickoff","Field Goal"
"2021_16_MIA_NO_8","Punt","Punt"
"2016_15_CLE_BUF_6","Punt","Punt"
"2020_02_JAX_TEN_11","Kickoff","Touchdown"
"2018_11_CIN_BAL_19","Punt","Field Goal"
"2016_17_NYG_WAS_4","Punt","Field Goal"
"2020_08_LA_MIA_9","Kickoff","Punt"
"2019_01_GB_CHI_6","Punt","Punt"
"2016_03_SF_SEA_5","Punt","Punt"
"2018_01_HOU_NE_13","Interception","Punt"
"2020_02_JAX_TEN_16","Punt","Punt"
"2016_11_GB_WAS_15","Kickoff","Touchdown"
"2017_16_OAK_PHI_16","Interception","Turnover"
"2018_08_CLE_PIT_12","Kickoff","Turnover"
"2016_08_GB_ATL_2","Kickoff","Touchdown"
"2016_11_GB_WAS_3","Punt","Punt"
"2018_01_WAS_ARI_2","Punt","Punt"
"2018_08_SF_ARI_12","Kickoff","Punt"
"2018_12_ARI_LAC_20","Punt","Field Goal"
"2018_08_SF_ARI_13","Punt","Punt"
"2019_14_TEN_OAK_1","Kickoff","Turnover"
"2021_04_PIT_GB_3","Punt","Punt"
"2019_17_PIT_BAL_12","Punt","Turnover"
"2018_03_OAK_MIA_2","Kickoff","Punt"
"2019_01_SF_TB_20","Kickoff","Turnover"
"2018_15_DET_BUF_4","Punt","Touchdown"
"2018_16_GB_NYJ_1","Kickoff","Field Goal"
"2018_01_JAX_NYG_15","Punt","Punt"
"2018_04_DET_DAL_13","Punt","Touchdown"
"2021_09_NYJ_IND_13","Kickoff","Punt"
"2020_16_CHI_JAX_22","Punt","Punt"
"2017_15_MIA_BUF_6","Punt","Field Goal"
"2021_10_PHI_DEN_1","Kickoff","Field Goal"
"2019_15_PHI_WAS_8","Punt","Punt"
"2018_13_NO_DAL_15","Punt","Punt"
"2017_15_PHI_NYG_4","Kickoff","Punt"
"2020_06_BAL_PHI_19","Kickoff","Punt"
"2017_05_ARI_PHI_4","Punt","Touchdown"
"2017_03_DEN_BUF_19","Punt","Turnover"
"2018_03_TEN_JAX_4","Fumble","Field Goal"
"2019_13_BUF_DAL_15","Kickoff","Turnover"
"2017_09_BUF_NYJ_10","Punt","Turnover"
"2021_04_SEA_SF_19","Kickoff","Touchdown"
"2018_08_NYJ_CHI_7","Punt","Punt"
"2021_13_MIN_DET_3","Fumble","Field Goal"
"2019_14_IND_TB_1","Kickoff","Turnover"
"2020_15_CHI_MIN_13","Kickoff","Touchdown"
"2018_14_CIN_LAC_19","Kickoff","Field Goal"
"2016_01_DET_IND_20","Kickoff","Touchdown"
"2017_06_PIT_KC_16","Punt","Touchdown"
"2021_17_LV_IND_18","Kickoff","Field Goal"
"2019_10_DET_CHI_12","Kickoff","Touchdown"
"2020_03_TB_DEN_16","Punt","Punt"
"2020_13_NE_LAC_13","Interception","Punt"
"2016_06_JAX_CHI_3","Interception","Field Goal"
"2021_05_DET_MIN_5","Kickoff","Punt"
"2018_04_TB_CHI_4","Punt","Punt"
"2018_03_NYJ_CLE_3","Punt","Punt"
"2021_15_CIN_DEN_4","Kickoff","Punt"
"2020_07_DET_ATL_10","Kickoff","Field Goal"
"2019_05_ATL_HOU_6","Kickoff","Touchdown"
"2017_15_HOU_JAX_14","Interception","Touchdown"
"2017_16_NYG_ARI_15","Kickoff","Touchdown"
"2019_02_MIN_GB_13","Interception","Turnover"
"2016_02_DAL_WAS_10","Kickoff","Touchdown"
"2017_05_MIN_CHI_8","Punt","Punt"
"2016_03_OAK_TEN_20","Punt","Punt"
"2021_08_TB_NO_16","Kickoff","Punt"
"2017_06_SF_WAS_20","Punt","Touchdown"
"2018_13_BUF_MIA_9","Punt","Punt"
"2018_12_SEA_CAR_10","Kickoff","Field Goal"
"2021_07_CIN_BAL_24","Punt","Punt"
"2021_04_SEA_SF_21","Kickoff","Touchdown"
"2018_14_NYJ_BUF_21","Kickoff","Turnover"
"2019_05_CHI_OAK_15","Kickoff","Punt"
"2019_16_GB_MIN_14","Punt","Punt"
"2016_16_BAL_PIT_16","Interception","Field Goal"
"2017_13_IND_JAX_9","Kickoff","Touchdown"
"2016_06_NYJ_ARI_20","Kickoff","Turnover"
"2017_05_MIN_CHI_21","Punt","Punt"
"2020_14_HOU_CHI_21","Punt","Punt"
"2021_10_NO_TEN_8","Kickoff","Punt"
"2019_01_BUF_NYJ_4","Kickoff","Punt"
"2018_16_MIN_DET_11","Kickoff","Punt"
"2021_06_DAL_NE_18","Kickoff","Field Goal"
"2016_07_NYG_LA_22","Interception","Touchdown"
"2019_11_CIN_OAK_15","Kickoff","Punt"
"2020_08_MIN_GB_9","Kickoff","Punt"
"2021_09_DEN_DAL_14","Fumble","Field Goal"
"2019_05_ARI_CIN_13","Fumble","Field Goal"
"2016_06_NYJ_ARI_14","Punt","Punt"
"2020_14_ATL_LAC_13","Punt","Punt"
"2021_08_PHI_DET_5","Kickoff","Punt"
"2020_14_WAS_SF_29","Fumble","Punt"
"2019_14_CAR_ATL_21","Interception","Field Goal"
"2017_10_NE_DEN_14","Kickoff","Punt"
"2020_08_SF_SEA_7","Kickoff","Touchdown"
"2019_02_CLE_NYJ_23","Fumble","Punt"
"2017_10_PIT_IND_7","Kickoff","Punt"
"2018_02_MIN_GB_9","Punt","Field Goal"
"2019_03_CHI_WAS_3","Kickoff","Punt"
"2017_05_BAL_OAK_10","Kickoff","Punt"
"2021_15_NE_IND_17","Punt","Touchdown"
"2020_12_HOU_DET_18","Punt","Touchdown"
"2017_08_LAC_NE_9","Punt","Field Goal"
"2019_05_ARI_CIN_11","Kickoff","Punt"
"2018_08_CLE_PIT_20","Kickoff","Punt"
"2017_01_PHI_WAS_16","Punt","Turnover"
"2021_12_NYJ_HOU_3","Kickoff","Punt"
"2018_02_LAC_BUF_17","Interception","Punt"
"2018_13_NYJ_TEN_19","Punt","Field Goal"
"2016_13_SF_CHI_6","Punt","Punt"
"2016_12_NYG_CLE_19","Punt","Punt"
"2017_02_WAS_LA_4","Punt","Touchdown"
"2021_11_NO_PHI_22","Kickoff","Touchdown"
"2020_10_TB_CAR_1","Kickoff","Punt"
"2021_03_MIA_LV_18","Punt","Turnover"
"2017_14_BAL_PIT_3","Kickoff","Punt"
"2021_06_TB_PHI_16","Kickoff","Touchdown"
"2020_17_SEA_SF_9","Punt","Punt"
"2018_09_TB_CAR_12","Fumble","Touchdown"
"2021_18_PIT_BAL_8","Punt","Punt"
"2018_13_BUF_MIA_15","Punt","Punt"
"2016_17_CAR_TB_19","Punt","Punt"
"2016_17_OAK_DEN_21","Fumble","Field Goal"
"2017_03_DEN_BUF_3","Punt","Punt"
"2017_16_ATL_NO_24","Kickoff","Punt"
"2016_17_CLE_PIT_12","Fumble","Touchdown"
"2018_03_PIT_TB_23","Kickoff","Punt"
"2017_03_DAL_ARI_11","Punt","Punt"
"2016_13_DAL_MIN_22","Punt","Punt"
"2021_15_MIN_CHI_10","Interception","Field Goal"
"2016_16_CIN_HOU_17","Kickoff","Turnover"
"2021_01_NYJ_CAR_3","Punt","Punt"
"2019_16_GB_MIN_20","Kickoff","Punt"
"2017_02_MIN_PIT_23","Kickoff","Turnover"
"2016_03_ARI_BUF_23","Kickoff","Turnover"
"2018_07_NYG_ATL_12","Fumble","Turnover"
"2018_12_TEN_HOU_2","Kickoff","Punt"
"2019_04_SEA_ARI_9","Punt","Field Goal"
"2019_02_LAC_DET_3","Punt","Touchdown"
"2018_15_TEN_NYG_6","Punt","Punt"
"2016_07_SD_ATL_1","Kickoff","Touchdown"
"2017_14_CHI_CIN_12","Punt","Punt"
"2017_10_MIN_WAS_20","Fumble","Punt"
"2019_06_TEN_DEN_19","Punt","Turnover"
"2017_14_SF_HOU_19","Punt","Punt"
"2017_14_DAL_NYG_22","Kickoff","Turnover"
"2017_13_CAR_NO_18","Punt","Field Goal"
"2021_06_LA_NYG_7","Kickoff","Turnover"
"2017_12_NO_LA_9","Punt","Touchdown"
"2020_10_LAC_MIA_18","Punt","Field Goal"
"2018_07_MIN_NYJ_10","Kickoff","Punt"
"2018_04_BUF_GB_16","Fumble","Punt"
"2020_09_BAL_IND_9","Punt","Punt"
"2017_05_BUF_CIN_4","Kickoff","Punt"
"2021_13_WAS_LV_12","Punt","Field Goal"
"2017_01_ATL_CHI_10","Kickoff","Punt"
"2019_07_KC_DEN_13","Punt","Punt"
"2021_07_HOU_ARI_4","Punt","Punt"
"2017_17_CIN_BAL_14","Punt","Punt"
"2021_10_JAX_IND_9","Punt","Punt"
"2020_03_TEN_MIN_6","Kickoff","Touchdown"
"2020_05_PHI_PIT_12","Interception","Touchdown"
"2019_08_NYJ_JAX_21","Kickoff","Turnover"
"2016_12_NYG_CLE_16","Punt","Punt"
"2016_01_MIN_TEN_4","Kickoff","Field Goal"
"2018_14_DEN_SF_11","Punt","Touchdown"
"2018_05_ARI_SF_6","Punt","Punt"
"2019_12_JAX_TEN_20","Fumble","Touchdown"
"2018_03_IND_PHI_20","Kickoff","Turnover"
"2018_17_SF_LA_14","Kickoff","Touchdown"
"2021_04_BAL_DEN_22","Punt","Punt"
"2016_08_GB_ATL_6","Kickoff","Punt"
"2016_09_JAX_KC_3","Punt","Punt"
"2018_06_KC_NE_9","Kickoff","Touchdown"
"2019_15_MIA_NYG_4","Fumble","Punt"
"2020_15_NYJ_LA_6","Punt","Field Goal"
"2019_15_CLE_ARI_11","Kickoff","Touchdown"
"2019_16_BUF_NE_1","Kickoff","Turnover"
"2021_02_BUF_MIA_17","Kickoff","Touchdown"
"2018_14_CIN_LAC_12","Kickoff","Turnover"
"2019_01_LA_CAR_3","Punt","Punt"
"2017_15_CHI_DET_1","Kickoff","Field Goal"
"2017_09_TB_NO_11","Kickoff","Punt"
"2021_01_SEA_IND_7","Punt","Punt"
"2020_13_JAX_MIN_21","Punt","Punt"
"2020_08_LV_CLE_1","Kickoff","Field Goal"
"2021_04_JAX_CIN_7","Punt","Touchdown"
"2018_11_GB_SEA_9","Punt","Touchdown"
"2020_02_CAR_TB_17","Punt","Touchdown"
"2019_16_NYG_WAS_21","Punt","Touchdown"
"2016_14_OAK_KC_13","Kickoff","Turnover"
"2019_03_NYG_TB_18","Punt","Punt"
"2020_01_DAL_LA_13","Punt","Turnover"
"2017_07_DAL_SF_13","Kickoff","Turnover"
"2021_07_DEN_CLE_4","Kickoff","Turnover"
"2020_03_CIN_PHI_20","Kickoff","Touchdown"
"2018_10_DET_CHI_6","Kickoff","Turnover"
"2016_12_JAX_BUF_4","Punt","Punt"
"2016_01_NE_ARI_13","Kickoff","Punt"
"2016_14_ATL_LA_9","Punt","Punt"
"2019_01_BUF_NYJ_7","Punt","Punt"
"2020_12_CLE_JAX_7","Kickoff","Touchdown"
"2017_10_SEA_ARI_24","Fumble","Punt"
"2019_08_CLE_NE_17","Punt","Punt"
"2016_01_CAR_DEN_12","Interception","Punt"
"2020_11_DAL_MIN_17","Kickoff","Touchdown"
"2018_17_DAL_NYG_3","Punt","Turnover"
"2017_08_LAC_NE_3","Punt","Touchdown"
"2021_11_NE_ATL_13","Punt","Turnover"
"2018_03_BUF_MIN_10","Kickoff","Punt"
"2019_03_CIN_BUF_12","Kickoff","Punt"
"2017_07_TEN_CLE_8","Kickoff","Turnover"
"2019_17_CLE_CIN_2","Kickoff","Touchdown"
"2020_13_CLE_TEN_6","Kickoff","Touchdown"
"2018_04_NO_NYG_11","Kickoff","Punt"
"2019_04_PHI_GB_17","Kickoff","Touchdown"
"2021_17_CLE_PIT_2","Punt","Punt"
"2020_11_TEN_BAL_10","Kickoff","Punt"
"2016_06_DEN_SD_14","Kickoff","Punt"
"2017_07_TEN_CLE_18","Punt","Field Goal"
"2017_16_CLE_CHI_1","Kickoff","Punt"
"2017_11_TB_MIA_1","Kickoff","Punt"
"2020_02_LA_PHI_9","Punt","Punt"
"2019_17_CLE_CIN_13","Punt","Punt"
"2017_07_KC_OAK_8","Kickoff","Field Goal"
"2019_15_CHI_GB_21","Punt","Turnover"
"2018_10_MIA_GB_13","Kickoff","Touchdown"
"2021_08_PIT_CLE_18","Punt","Turnover"
"2016_03_BAL_JAX_11","Punt","Touchdown"
"2018_09_PIT_BAL_11","Kickoff","Touchdown"
"2016_15_NO_ARI_3","Kickoff","Turnover"
"2017_04_NO_MIA_10","Kickoff","Punt"
"2017_13_TB_GB_12","Kickoff","Punt"
"2020_03_TB_DEN_18","Punt","Turnover"
"2019_03_NO_SEA_9","Kickoff","Turnover"
"2021_01_MIN_CIN_22","Kickoff","Punt"
"2021_15_ARI_DET_13","Fumble","Turnover"
"2019_03_DET_PHI_13","Punt","Punt"
"2017_08_DAL_WAS_5","Kickoff","Field Goal"
"2016_15_GB_CHI_10","Kickoff","Turnover"
"2016_15_CLE_BUF_7","Punt","Punt"
"2021_03_ATL_NYG_15","Punt","Punt"
"2019_03_LA_CLE_11","Fumble","Field Goal"
"2019_16_BAL_CLE_17","Kickoff","Touchdown"
"2019_06_ATL_ARI_3","Kickoff","Punt"
"2021_07_NYJ_NE_8","Kickoff","Turnover"
"2019_17_ATL_TB_1","Kickoff","Touchdown"
"2021_14_ATL_CAR_19","Fumble","Touchdown"
"2021_12_BUF_NO_14","Punt","Touchdown"
"2016_02_JAX_SD_16","Punt","Punt"
"2021_10_BAL_MIA_11","Punt","Punt"
"2017_17_GB_DET_15","Kickoff","Punt"
"2017_03_ATL_DET_3","Punt","Field Goal"
"2016_15_JAX_HOU_6","Punt","Field Goal"
"2020_06_HOU_TEN_9","Kickoff","Punt"
"2017_08_CHI_NO_13","Kickoff","Punt"
"2021_08_LA_HOU_16","Punt","Touchdown"
"2016_01_LA_SF_6","Punt","Turnover"
"2016_01_TB_ATL_12","Kickoff","Touchdown"
"2017_01_ATL_CHI_15","Punt","Touchdown"
"2017_06_GB_MIN_19","Interception","Field Goal"
"2016_16_DET_DAL_13","Interception","Touchdown"
"2017_14_DAL_NYG_12","Punt","Punt"
"2021_06_MIA_JAX_8","Kickoff","Punt"
"2017_17_CIN_BAL_10","Punt","Punt"
"2018_06_JAX_DAL_1","Kickoff","Punt"
"2017_09_IND_HOU_3","Kickoff","Punt"
"2017_08_MIN_CLE_8","Punt","Punt"
"2017_15_LA_SEA_28","Punt","Punt"
"2019_02_IND_TEN_8","Punt","Turnover"
"2018_16_KC_SEA_2","Punt","Touchdown"
"2018_02_MIA_NYJ_4","Punt","Turnover"
"2019_05_MIN_NYG_14","Kickoff","Turnover"
"2019_03_BAL_KC_13","Fumble","Punt"
"2019_16_PIT_NYJ_11","Kickoff","Turnover"
"2020_08_NE_BUF_9","Interception","Field Goal"
"2017_08_PIT_DET_20","Punt","Turnover"
"2018_16_NYG_IND_8","Kickoff","Field Goal"
"2018_04_NYJ_JAX_24","Punt","Turnover"
"2016_08_SD_DEN_13","Fumble","Field Goal"
"2018_17_ATL_TB_5","Punt","Punt"
"2017_06_LAC_OAK_15","Fumble","Turnover"
"2016_05_TB_CAR_2","Kickoff","Punt"
"2018_08_BAL_CAR_13","Fumble","Punt"
"2017_10_MIN_WAS_21","Punt","Field Goal"
"2018_07_CLE_TB_3","Kickoff","Punt"
"2016_16_DEN_KC_15","Punt","Turnover"
"2019_06_PIT_LAC_4","Kickoff","Turnover"
"2020_06_GB_TB_21","Punt","Punt"
"2020_12_SEA_PHI_2","Punt","Turnover"
"2019_15_BUF_PIT_4","Punt","Punt"
"2018_13_MIN_NE_20","Interception","Turnover"
"2017_01_CAR_SF_14","Kickoff","Turnover"
"2017_14_DAL_NYG_10","Kickoff","Punt"
"2017_15_GB_CAR_6","Interception","Punt"
"2017_15_PHI_NYG_5","Punt","Touchdown"
"2016_17_CAR_TB_17","Kickoff","Punt"
"2017_13_WAS_DAL_19","Kickoff","Touchdown"
"2019_14_MIA_NYJ_16","Punt","Field Goal"
"2020_07_JAX_LAC_6","Punt","Touchdown"
"2021_09_ATL_NO_3","Punt","Field Goal"
"2016_04_NYG_MIN_1","Kickoff","Punt"
"2019_12_MIA_CLE_18","Punt","Field Goal"
"2017_16_PIT_HOU_20","Punt","Punt"
"2021_11_NO_PHI_7","Kickoff","Punt"
"2017_16_IND_BAL_3","Kickoff","Field Goal"
"2017_10_CLE_DET_2","Punt","Field Goal"
"2019_15_BUF_PIT_12","Kickoff","Touchdown"
"2017_11_NE_OAK_3","Kickoff","Turnover"
"2019_06_ATL_ARI_16","Kickoff","Punt"
"2016_08_OAK_TB_19","Punt","Touchdown"
"2021_18_LAC_LV_21","Punt","Touchdown"
"2021_08_GB_ARI_9","Kickoff","Punt"
"2016_05_ATL_DEN_4","Kickoff","Punt"
"2016_12_SF_MIA_15","Punt","Touchdown"
"2020_01_GB_MIN_1","Kickoff","Field Goal"
"2021_18_NE_MIA_17","Punt","Touchdown"
"2016_16_ATL_CAR_21","Punt","Turnover"
"2016_10_LA_NYJ_17","Punt","Punt"
"2020_07_SEA_ARI_10","Kickoff","Touchdown"
"2021_04_PIT_GB_19","Fumble","Touchdown"
"2016_10_SF_ARI_15","Fumble","Field Goal"
"2020_03_TB_DEN_13","Kickoff","Punt"
"2017_05_GB_DAL_5","Punt","Touchdown"
"2020_16_CHI_JAX_17","Punt","Touchdown"
"2021_05_SF_ARI_18","Kickoff","Field Goal"
"2019_10_LAC_OAK_9","Kickoff","Touchdown"
"2018_02_DET_SF_10","Punt","Punt"
"2021_18_DAL_PHI_5","Kickoff","Field Goal"
"2020_11_CIN_WAS_7","Kickoff","Punt"
"2018_10_JAX_IND_10","Kickoff","Field Goal"
"2019_11_NE_PHI_18","Punt","Punt"
"2020_10_JAX_GB_5","Punt","Punt"
"2021_15_ARI_DET_5","Punt","Punt"
"2020_04_NYG_LA_2","Punt","Touchdown"
"2018_07_CLE_TB_1","Kickoff","Punt"
"2020_12_MIA_NYJ_16","Punt","Turnover"
"2017_13_DEN_MIA_5","Kickoff","Punt"
"2016_08_NYJ_CLE_15","Kickoff","Punt"
"2017_03_KC_LAC_2","Interception","Touchdown"
"2018_10_ATL_CLE_10","Fumble","Touchdown"
"2019_12_SEA_PHI_25","Punt","Touchdown"
"2020_06_BAL_PHI_25","Kickoff","Touchdown"
"2017_12_GB_PIT_9","Punt","Punt"
"2018_12_PIT_DEN_4","Kickoff","Turnover"
"2019_01_LA_CAR_19","Punt","Touchdown"
"2018_17_CAR_NO_3","Punt","Touchdown"
"2019_07_PHI_DAL_3","Kickoff","Turnover"
"2021_18_CHI_MIN_8","Kickoff","Punt"
"2017_16_MIA_KC_15","Fumble","Turnover"
"2017_01_ARI_DET_4","Punt","Punt"
"2019_01_LA_CAR_12","Punt","Field Goal"
"2020_01_LAC_CIN_24","Punt","Field Goal"
"2018_12_OAK_BAL_9","Punt","Turnover"
"2016_02_TB_ARI_11","Fumble","Touchdown"
"2021_07_CIN_BAL_26","Fumble","Turnover"
"2021_01_NYJ_CAR_4","Punt","Punt"
"2021_04_KC_PHI_12","Kickoff","Touchdown"
"2020_17_JAX_IND_8","Punt","Punt"
"2018_13_DEN_CIN_7","Punt","Field Goal"
"2021_02_DAL_LAC_3","Interception","Turnover"
"2020_17_WAS_PHI_1","Kickoff","Punt"
"2018_05_MIA_CIN_6","Kickoff","Field Goal"
"2021_03_CIN_PIT_18","Punt","Field Goal"
"2018_09_ATL_WAS_1","Kickoff","Punt"
"2020_15_HOU_IND_8","Kickoff","Punt"
"2017_05_SEA_LA_4","Punt","Punt"
"2017_14_WAS_LAC_19","Punt","Punt"
"2017_01_KC_NE_10","Punt","Touchdown"
"2016_12_KC_DEN_1","Kickoff","Punt"
"2019_04_WAS_NYG_3","Kickoff","Punt"
"2021_11_NO_PHI_6","Punt","Touchdown"
"2016_02_NO_NYG_20","Punt","Punt"
"2020_13_CIN_MIA_20","Fumble","Turnover"
"2021_07_NYJ_NE_20","Punt","Touchdown"
"2018_10_JAX_IND_3","Punt","Punt"
"2018_11_KC_LA_13","Kickoff","Turnover"
"2019_15_MIA_NYG_8","Punt","Turnover"
"2020_16_CLE_NYJ_24","Fumble","Field Goal"
"2019_09_DAL_NYG_4","Kickoff","Punt"
"2019_13_NYJ_CIN_5","Kickoff","Punt"
"2018_14_NYJ_BUF_15","Interception","Punt"
"2018_13_SF_SEA_15","Kickoff","Punt"
"2016_02_NYJ_BUF_12","Kickoff","Punt"
"2021_04_TEN_NYJ_22","Fumble","Punt"
"2019_06_PIT_LAC_15","Interception","Touchdown"
"2021_05_LA_SEA_6","Interception","Turnover"
"2020_03_CIN_PHI_16","Kickoff","Turnover"
"2021_11_HOU_TEN_20","Punt","Turnover"
"2019_16_LA_SF_17","Punt","Punt"
"2020_05_MIN_SEA_16","Kickoff","Touchdown"
"2018_15_SEA_SF_14","Punt","Punt"
"2020_16_MIN_NO_4","Kickoff","Punt"
"2016_12_KC_DEN_11","Kickoff","Field Goal"
"2016_15_MIA_NYJ_2","Kickoff","Punt"
"2021_12_CHI_DET_3","Kickoff","Punt"
"2017_10_GB_CHI_17","Kickoff","Touchdown"
"2017_12_LAC_DAL_6","Punt","Field Goal"
"2019_02_PHI_ATL_16","Punt","Turnover"
"2017_03_SEA_TEN_10","Kickoff","Punt"
"2018_07_CLE_TB_28","Interception","Punt"
"2021_06_ARI_CLE_2","Punt","Touchdown"
"2021_18_LAC_LV_11","Kickoff","Field Goal"
"2017_06_MIA_ATL_13","Kickoff","Turnover"
"2021_18_TEN_HOU_1","Kickoff","Punt"
"2018_09_DET_MIN_4","Punt","Field Goal"
"2018_06_IND_NYJ_13","Interception","Field Goal"
"2020_05_NYG_DAL_9","Kickoff","Touchdown"
"2020_12_LAC_BUF_7","Punt","Punt"
"2020_13_BUF_SF_15","Kickoff","Touchdown"
"2019_03_TEN_JAX_16","Fumble","Field Goal"
"2018_15_ARI_ATL_5","Kickoff","Punt"
"2019_09_TB_SEA_16","Kickoff","Field Goal"
"2020_02_NE_SEA_3","Kickoff","Touchdown"
"2017_15_CHI_DET_10","Fumble","Field Goal"
"2016_12_CIN_BAL_3","Punt","Field Goal"
"2019_01_BAL_MIA_21","Kickoff","Punt"
"2018_09_PIT_BAL_8","Kickoff","Punt"
"2021_18_DAL_PHI_18","Interception","Touchdown"
"2019_08_NYJ_JAX_20","Interception","Touchdown"
"2021_14_SF_CIN_7","Kickoff","Punt"
"2017_16_PIT_HOU_19","Punt","Punt"
"2016_16_NYJ_NE_20","Interception","Touchdown"
"2021_04_ARI_LA_4","Interception","Touchdown"
"2016_03_ARI_BUF_19","Punt","Field Goal"
"2016_05_CIN_DAL_5","Punt","Touchdown"
"2019_07_MIN_DET_11","Kickoff","Touchdown"
"2016_15_JAX_HOU_21","Kickoff","Punt"
"2019_16_NYG_WAS_7","Punt","Punt"
"2017_04_LA_DAL_2","Kickoff","Field Goal"
"2017_13_DEN_MIA_17","Punt","Turnover"
"2017_06_NE_NYJ_1","Kickoff","Touchdown"
"2018_11_DEN_LAC_7","Interception","Turnover"
"2021_06_MIA_JAX_2","Kickoff","Field Goal"
"2020_01_IND_JAX_7","Kickoff","Touchdown"
"2016_17_CHI_MIN_19","Fumble","Punt"
"2019_13_CHI_DET_6","Punt","Punt"
"2019_01_CIN_SEA_2","Punt","Punt"
"2020_16_ATL_KC_6","Punt","Turnover"
"2018_15_MIA_MIN_4","Kickoff","Punt"
"2018_09_PIT_BAL_15","Punt","Field Goal"
"2019_16_DET_DEN_7","Kickoff","Touchdown"
"2018_07_MIN_NYJ_27","Kickoff","Touchdown"
"2020_03_NYJ_IND_6","Kickoff","Turnover"
"2021_08_MIA_BUF_2","Punt","Field Goal"
"2018_04_BAL_PIT_8","Fumble","Field Goal"
"2020_01_TB_NO_19","Punt","Punt"
"2019_05_BAL_PIT_5","Kickoff","Touchdown"
"2016_02_ATL_OAK_19","Kickoff","Touchdown"
"2016_06_LA_DET_3","Kickoff","Punt"
"2020_15_PHI_ARI_22","Fumble","Punt"
"2021_14_NYG_LAC_1","Kickoff","Punt"
"2019_07_OAK_GB_7","Kickoff","Turnover"
"2017_11_BAL_GB_4","Interception","Field Goal"
"2018_12_SEA_CAR_16","Kickoff","Touchdown"
"2018_14_DET_ARI_11","Punt","Punt"
"2021_10_BAL_MIA_15","Punt","Punt"
"2016_03_CHI_DAL_14","Fumble","Field Goal"
"2018_15_DET_BUF_14","Fumble","Punt"
"2020_09_LV_LAC_6","Kickoff","Punt"
"2021_14_ATL_CAR_17","Kickoff","Turnover"
"2018_11_TB_NYG_19","Kickoff","Touchdown"
"2018_04_MIA_NE_11","Kickoff","Punt"
"2020_15_CLE_NYG_10","Punt","Touchdown"
"2016_17_CAR_TB_20","Punt","Turnover"
"2017_10_NYJ_TB_13","Kickoff","Punt"
"2021_07_HOU_ARI_7","Kickoff","Touchdown"
"2016_04_CAR_ATL_19","Punt","Touchdown"
"2016_13_TB_SD_1","Kickoff","Touchdown"
"2020_15_KC_NO_3","Punt","Punt"
"2018_03_SF_KC_13","Punt","Touchdown"
"2017_05_MIN_CHI_4","Punt","Punt"
"2016_13_SF_CHI_4","Punt","Punt"
"2018_04_KC_DEN_8","Kickoff","Punt"
"2016_16_IND_OAK_2","Punt","Punt"
"2018_17_IND_TEN_3","Kickoff","Punt"
"2016_12_CAR_OAK_15","Kickoff","Turnover"
"2018_01_KC_LAC_10","Kickoff","Punt"
"2018_04_CLE_OAK_16","Interception","Touchdown"
"2021_09_DEN_DAL_8","Punt","Field Goal"
"2016_03_CLE_MIA_3","Fumble","Touchdown"
"2021_09_LAC_PHI_6","Kickoff","Turnover"
"2020_11_ARI_SEA_2","Kickoff","Punt"
"2018_09_DET_MIN_12","Punt","Punt"
"2020_04_NYG_LA_19","Punt","Turnover"
"2018_02_NYG_DAL_4","Kickoff","Punt"
"2016_06_CIN_NE_5","Fumble","Punt"
"2018_07_MIN_NYJ_13","Fumble","Punt"
"2021_13_JAX_LA_5","Punt","Punt"
"2020_05_MIA_SF_12","Interception","Field Goal"
"2020_15_HOU_IND_15","Kickoff","Turnover"
"2016_06_DAL_GB_14","Interception","Field Goal"
"2019_14_NYG_PHI_19","Punt","Touchdown"
"2017_14_NO_ATL_16","Punt","Touchdown"
"2021_04_CAR_DAL_5","Kickoff","Touchdown"
"2021_01_CHI_LA_11","Kickoff","Touchdown"
"2018_10_SEA_LA_14","Kickoff","Field Goal"
"2018_02_SEA_CHI_7","Interception","Punt"
"2017_09_DET_GB_1","Kickoff","Field Goal"
"2021_13_NE_BUF_13","Kickoff","Punt"
"2018_08_TB_CIN_3","Interception","Punt"
"2016_03_HOU_NE_3","Punt","Punt"
"2019_11_NE_PHI_24","Punt","Turnover"
"2020_02_CAR_TB_7","Punt","Turnover"
"2020_16_CLE_NYJ_8","Fumble","Touchdown"
"2018_08_SF_ARI_21","Fumble","Punt"
"2018_05_OAK_LAC_1","Kickoff","Field Goal"
"2016_15_SF_ATL_11","Kickoff","Touchdown"
"2016_04_DAL_SF_4","Punt","Touchdown"
"2017_01_PHI_WAS_1","Kickoff","Punt"
"2020_09_NYG_WAS_13","Kickoff","Touchdown"
"2020_04_PHI_SF_7","Kickoff","Punt"
"2016_04_IND_JAX_20","Punt","Turnover"
"2016_14_SD_CAR_1","Kickoff","Punt"
"2016_02_SF_CAR_2","Interception","Field Goal"
"2019_02_CLE_NYJ_12","Kickoff","Punt"
"2020_11_NYJ_LAC_9","Kickoff","Punt"
"2016_17_NO_ATL_15","Kickoff","Punt"
"2021_04_HOU_BUF_5","Punt","Turnover"
"2021_16_CLE_GB_12","Kickoff","Field Goal"
"2020_17_JAX_IND_16","Punt","Punt"
"2019_03_DET_PHI_20","Kickoff","Punt"
"2016_09_CAR_LA_7","Punt","Punt"
"2019_10_KC_TEN_1","Kickoff","Touchdown"
"2019_04_CAR_HOU_18","Punt","Field Goal"
"2019_01_TEN_CLE_24","Fumble","Punt"
"2018_03_OAK_MIA_1","Kickoff","Touchdown"
"2020_04_ATL_GB_2","Punt","Touchdown"
"2018_16_HOU_PHI_8","Kickoff","Touchdown"
"2019_06_TEN_DEN_6","Punt","Punt"
"2018_13_CHI_NYG_19","Kickoff","Punt"
"2018_04_PHI_TEN_13","Kickoff","Touchdown"
"2018_09_LA_NO_4","Kickoff","Touchdown"
"2016_15_PIT_CIN_12","Punt","Field Goal"
"2019_17_NO_CAR_17","Kickoff","Punt"
"2018_08_NE_BUF_21","Fumble","Punt"
"2019_05_LA_SEA_20","Kickoff","Field Goal"
"2021_11_NYG_TB_6","Interception","Touchdown"
"2017_06_CHI_BAL_30","Punt","Punt"
"2018_11_PHI_NO_21","Punt","Turnover"
"2021_08_TB_NO_8","Fumble","Field Goal"
"2016_08_WAS_CIN_9","Punt","Field Goal"
"2016_05_TB_CAR_19","Punt","Turnover"
"2016_05_ATL_DEN_16","Punt","Turnover"
"2016_06_BAL_NYG_18","Kickoff","Turnover"
"2019_13_OAK_KC_14","Punt","Touchdown"
"2016_09_NO_SF_14","Kickoff","Turnover"
"2021_04_TEN_NYJ_3","Kickoff","Punt"
"2021_18_WAS_NYG_10","Punt","Punt"
"2018_16_ATL_CAR_14","Punt","Punt"
"2020_10_TB_CAR_6","Kickoff","Field Goal"
"2018_02_PHI_TB_4","Punt","Punt"
"2016_11_JAX_DET_11","Punt","Punt"
"2021_02_NE_NYJ_7","Kickoff","Punt"
"2016_16_TEN_JAX_9","Punt","Field Goal"
"2019_01_KC_JAX_2","Kickoff","Punt"
"2019_14_CIN_CLE_13","Kickoff","Touchdown"
"2020_14_NO_PHI_19","Fumble","Touchdown"
"2020_12_NYG_CIN_15","Punt","Turnover"
"2021_17_CLE_PIT_1","Kickoff","Punt"
"2021_05_GB_CIN_18","Kickoff","Touchdown"
"2019_16_NO_TEN_21","Punt","Punt"
"2016_10_CIN_NYG_17","Punt","Punt"
"2020_09_DEN_ATL_17","Kickoff","Punt"
"2016_03_LA_TB_12","Interception","Touchdown"
"2016_13_HOU_GB_1","Kickoff","Turnover"
"2016_03_NYJ_KC_2","Punt","Punt"
"2018_03_NO_ATL_16","Kickoff","Punt"
"2017_16_CLE_CHI_18","Punt","Punt"
"2017_15_MIA_BUF_15","Kickoff","Punt"
"2021_07_IND_SF_9","Punt","Punt"
"2016_10_CIN_NYG_24","Punt","Punt"
"2016_10_CLE_BAL_2","Punt","Punt"
"2021_15_TEN_PIT_2","Punt","Punt"
"2016_13_LA_NE_4","Punt","Punt"
"2018_07_MIN_NYJ_32","Interception","Field Goal"
"2019_12_TB_ATL_22","Punt","Punt"
"2021_11_HOU_TEN_6","Punt","Touchdown"
"2021_10_DET_PIT_17","Kickoff","Punt"
"2021_09_LV_NYG_3","Kickoff","Punt"
"2018_05_WAS_NO_9","Kickoff","Punt"
"2021_13_WAS_LV_6","Punt","Punt"
"2021_05_CHI_LV_4","Punt","Field Goal"
"2018_15_ARI_ATL_19","Punt","Touchdown"
"2017_04_JAX_NYJ_20","Punt","Punt"
"2017_07_NO_GB_8","Kickoff","Punt"
"2018_14_JAX_TEN_17","Kickoff","Punt"
"2019_07_LA_ATL_21","Kickoff","Touchdown"
"2016_01_PIT_WAS_18","Fumble","Touchdown"
"2021_04_KC_PHI_3","Kickoff","Touchdown"
"2020_03_HOU_PIT_17","Punt","Punt"
"2018_08_DEN_KC_12","Kickoff","Punt"
"2019_07_NO_CHI_25","Fumble","Touchdown"
"2018_10_NO_CIN_5","Punt","Touchdown"
"2020_01_LAC_CIN_15","Kickoff","Field Goal"
"2017_10_MIA_CAR_7","Kickoff","Touchdown"
"2017_12_SEA_SF_18","Kickoff","Field Goal"
"2018_06_LAC_CLE_8","Kickoff","Punt"
"2020_17_JAX_IND_23","Punt","Touchdown"
"2020_04_CLE_DAL_19","Kickoff","Punt"
"2020_15_NE_MIA_4","Punt","Turnover"
"2020_17_LV_DEN_20","Kickoff","Turnover"
"2019_10_SEA_SF_20","Kickoff","Punt"
"2020_09_NYG_WAS_8","Kickoff","Field Goal"
"2021_15_NO_TB_7","Punt","Punt"
"2020_07_GB_HOU_13","Kickoff","Punt"
"2021_18_CHI_MIN_10","Kickoff","Field Goal"
"2021_16_TB_CAR_18","Punt","Turnover"
"2019_13_TB_JAX_20","Interception","Punt"
"2019_09_DAL_NYG_9","Kickoff","Touchdown"
"2016_15_DET_NYG_15","Punt","Punt"
"2017_16_LAC_NYJ_23","Punt","Punt"
"2016_03_CLE_MIA_16","Punt","Touchdown"
"2020_11_GB_IND_26","Kickoff","Turnover"
"2020_14_GB_DET_5","Kickoff","Punt"
"2021_08_PHI_DET_15","Kickoff","Turnover"
"2020_01_TEN_DEN_6","Punt","Turnover"
"2019_16_PIT_NYJ_17","Punt","Punt"
"2019_07_OAK_GB_8","Fumble","Touchdown"
"2020_14_GB_DET_4","Punt","Touchdown"
"2017_02_MIA_LAC_11","Kickoff","Touchdown"
"2020_12_CAR_MIN_14","Kickoff","Field Goal"
"2019_17_NYJ_BUF_8","Kickoff","Punt"
"2020_16_ATL_KC_3","Punt","Punt"
"2018_11_DEN_LAC_9","Kickoff","Punt"
"2016_09_IND_GB_2","Kickoff","Field Goal"
"2018_14_IND_HOU_10","Interception","Punt"
"2018_15_NE_PIT_6","Kickoff","Punt"
"2017_03_KC_LAC_15","Fumble","Punt"
"2021_14_SEA_HOU_13","Kickoff","Punt"
"2017_16_MIA_KC_12","Kickoff","Field Goal"
"2020_12_SF_LA_28","Punt","Field Goal"
"2019_10_ATL_NO_5","Punt","Punt"
"2020_07_KC_DEN_1","Kickoff","Punt"
"2019_12_PIT_CIN_24","Punt","Punt"
"2018_06_PIT_CIN_9","Punt","Touchdown"
"2018_16_BUF_NE_13","Interception","Turnover"
"2019_17_ARI_LA_1","Kickoff","Field Goal"
"2021_13_MIN_DET_9","Kickoff","Punt"
"2017_07_CIN_PIT_17","Punt","Punt"
"2018_07_CIN_KC_7","Kickoff","Touchdown"
"2021_13_PHI_NYJ_5","Kickoff","Touchdown"
"2020_07_CHI_LA_17","Fumble","Field Goal"
"2020_16_TB_DET_5","Punt","Punt"
"2016_14_SD_CAR_8","Interception","Touchdown"
"2017_13_DEN_MIA_7","Kickoff","Touchdown"
"2017_07_BAL_MIN_19","Kickoff","Punt"
"2017_09_ARI_SF_19","Kickoff","Punt"
"2021_11_NE_ATL_10","Kickoff","Punt"
"2019_17_NO_CAR_25","Punt","Turnover"
"2017_10_NYJ_TB_16","Punt","Punt"
"2019_16_KC_CHI_2","Punt","Touchdown"
"2017_17_CHI_MIN_23","Punt","Turnover"
"2020_02_KC_LAC_16","Interception","Touchdown"
"2018_16_WAS_TEN_6","Kickoff","Field Goal"
"2019_03_CAR_ARI_6","Punt","Field Goal"
"2019_04_CAR_HOU_10","Kickoff","Punt"
"2019_03_OAK_MIN_8","Kickoff","Touchdown"
"2019_12_DAL_NE_20","Kickoff","Field Goal"
"2019_02_CLE_NYJ_16","Punt","Turnover"
"2017_01_NO_MIN_8","Punt","Touchdown"
"2020_10_JAX_GB_6","Punt","Punt"
"2021_12_LA_GB_23","Punt","Punt"
"2018_08_DEN_KC_19","Interception","Punt"
"2017_05_TEN_MIA_6","Fumble","Field Goal"
"2021_14_SF_CIN_4","Punt","Field Goal"
"2020_01_CHI_DET_8","Punt","Field Goal"
"2021_04_WAS_ATL_18","Kickoff","Punt"
"2021_18_PIT_BAL_11","Punt","Punt"
"2021_08_LA_HOU_11","Kickoff","Punt"
"2017_09_CIN_JAX_7","Kickoff","Field Goal"
"2021_07_HOU_ARI_18","Punt","Punt"
"2019_17_NYJ_BUF_18","Punt","Punt"
"2021_04_KC_PHI_9","Interception","Field Goal"
"2017_17_KC_DEN_13","Punt","Field Goal"
"2017_08_OAK_BUF_12","Punt","Field Goal"
"2016_02_KC_HOU_5","Punt","Punt"
"2019_14_DAL_CHI_15","Fumble","Touchdown"
"2021_10_LA_SF_6","Kickoff","Turnover"
"2020_16_TEN_GB_12","Kickoff","Punt"
"2019_17_ARI_LA_7","Punt","Touchdown"
"2017_04_SF_ARI_19","Punt","Punt"
"2016_04_LA_ARI_4","Punt","Touchdown"
"2016_14_WAS_PHI_14","Kickoff","Punt"
"2019_07_PHI_DAL_18","Interception","Turnover"
"2018_14_CIN_LAC_2","Kickoff","Field Goal"
"2019_05_NE_WAS_10","Punt","Punt"
"2017_08_HOU_SEA_8","Punt","Touchdown"
"2017_03_DAL_ARI_8","Punt","Touchdown"
"2020_04_IND_CHI_8","Kickoff","Field Goal"
