"kicker","kick_distance","roof","result","field"
"A.Vinatieri",26,"closed","made","dome"
"A.Vinatieri",50,"outdoors","made","stadium"
"A.Vinatieri",50,"outdoors","made","stadium"
"A.Vinatieri",43,"outdoors","made","stadium"
"A.Vinatieri",41,"closed","made","dome"
"A.Vinatieri",27,"open","made","stadium"
"A.Vinatieri",50,"dome","made","dome"
"A.Vinatieri",30,"open","made","stadium"
"A.Vinatieri",41,"outdoors","made","stadium"
"A.Vinatieri",48,"closed","missed","dome"
"A.Vinatieri",49,"closed","made","dome"
"A.Vinatieri",24,"closed","made","dome"
"A.Vinatieri",33,"outdoors","made","stadium"
"A.Vinatieri",31,"closed","made","dome"
"A.Vinatieri",52,"outdoors","missed","stadium"
"A.Vinatieri",55,"closed","missed","dome"
"A.Vinatieri",54,"open","made","stadium"
"A.Vinatieri",41,"outdoors","made","stadium"
"A.Vinatieri",34,"outdoors","missed","stadium"
"A.Vinatieri",20,"outdoors","made","stadium"
"A.Vinatieri",27,"closed","made","dome"
"A.Vinatieri",35,"closed","made","dome"
"A.Vinatieri",27,"closed","made","dome"
"A.Vinatieri",22,"outdoors","made","stadium"
"A.Vinatieri",45,"closed","made","dome"
"A.Vinatieri",36,"outdoors","made","stadium"
"A.Vinatieri",28,"outdoors","made","stadium"
"A.Vinatieri",49,"closed","made","dome"
"A.Vinatieri",43,"outdoors","missed","stadium"
"A.Vinatieri",29,"closed","made","dome"
"A.Vinatieri",51,"open","made","stadium"
"A.Vinatieri",29,"closed","made","dome"
"A.Vinatieri",52,"closed","made","dome"
"A.Vinatieri",23,"closed","made","dome"
"A.Vinatieri",30,"open","made","stadium"
"A.Vinatieri",48,"outdoors","made","stadium"
"A.Vinatieri",46,"outdoors","made","stadium"
"A.Vinatieri",31,"outdoors","made","stadium"
"A.Vinatieri",22,"closed","made","dome"
"A.Vinatieri",46,"outdoors","made","stadium"
"A.Vinatieri",47,"outdoors","made","stadium"
"A.Vinatieri",52,"closed","missed","dome"
"A.Vinatieri",29,"outdoors","missed","stadium"
"A.Vinatieri",26,"open","made","stadium"
"A.Vinatieri",43,"outdoors","made","stadium"
"A.Vinatieri",38,"outdoors","made","stadium"
"A.Vinatieri",32,"closed","made","dome"
"A.Vinatieri",38,"outdoors","missed","stadium"
"A.Vinatieri",19,"closed","made","dome"
"A.Vinatieri",35,"outdoors","made","stadium"
"A.Vinatieri",38,"outdoors","missed","stadium"
"A.Vinatieri",53,"outdoors","made","stadium"
"A.Vinatieri",20,"outdoors","made","stadium"
"A.Vinatieri",42,"outdoors","made","stadium"
"A.Vinatieri",20,"outdoors","made","stadium"
"A.Vinatieri",21,"outdoors","made","stadium"
"A.Vinatieri",24,"outdoors","made","stadium"
"A.Vinatieri",38,"closed","made","dome"
"A.Vinatieri",37,"outdoors","missed","stadium"
"A.Vinatieri",37,"open","made","stadium"
"B.Cundiff",49,"outdoors","made","stadium"
"B.Cundiff",45,"dome","made","dome"
"B.Cundiff",60,"dome","missed","dome"
"B.Cundiff",36,"outdoors","made","stadium"
"B.Cundiff",47,"outdoors","made","stadium"
"B.Cundiff",39,"outdoors","made","stadium"
"B.Cundiff",36,"outdoors","missed","stadium"
"B.Cundiff",21,"dome","made","dome"
"B.Cundiff",49,"outdoors","made","stadium"
"B.Cundiff",25,"outdoors","made","stadium"
"B.Cundiff",33,"outdoors","made","stadium"
"B.Cundiff",25,"outdoors","made","stadium"
"B.Cundiff",29,"outdoors","made","stadium"
"B.Cundiff",21,"outdoors","made","stadium"
"B.Cundiff",52,"outdoors","made","stadium"
"B.Cundiff",24,"outdoors","made","stadium"
"B.Cundiff",35,"outdoors","made","stadium"
"B.Cundiff",30,"outdoors","made","stadium"
"B.Cundiff",39,"outdoors","made","stadium"
"B.Cundiff",33,"outdoors","made","stadium"
"B.Cundiff",51,"outdoors","made","stadium"
"B.Cundiff",40,"outdoors","made","stadium"
"B.Cundiff",41,"outdoors","made","stadium"
"B.Cundiff",31,"outdoors","missed","stadium"
"B.Cundiff",26,"outdoors","made","stadium"
"B.Cundiff",42,"outdoors","made","stadium"
"B.McManus",55,"outdoors","missed","stadium"
"B.McManus",41,"outdoors","made","stadium"
"B.McManus",54,"outdoors","made","stadium"
"B.McManus",51,"outdoors","missed","stadium"
"B.McManus",45,"outdoors","made","stadium"
"B.McManus",23,"outdoors","made","stadium"
"B.McManus",28,"outdoors","made","stadium"
"B.McManus",29,"outdoors","made","stadium"
"B.McManus",24,"outdoors","made","stadium"
"B.McManus",31,"outdoors","made","stadium"
"B.McManus",29,"outdoors","made","stadium"
"B.McManus",47,"outdoors","made","stadium"
"B.McManus",43,"outdoors","made","stadium"
"B.McManus",33,"outdoors","made","stadium"
"B.McManus",29,"outdoors","made","stadium"
"B.McManus",41,"outdoors","missed","stadium"
"B.McManus",49,"outdoors","made","stadium"
"B.McManus",48,"dome","made","dome"
"B.McManus",39,"outdoors","made","stadium"
"B.McManus",49,"outdoors","made","stadium"
"B.McManus",35,"outdoors","made","stadium"
"B.McManus",39,"outdoors","made","stadium"
"B.McManus",53,"outdoors","made","stadium"
"B.McManus",20,"outdoors","made","stadium"
"B.McManus",43,"outdoors","made","stadium"
"B.McManus",47,"outdoors","made","stadium"
"B.McManus",52,"outdoors","missed","stadium"
"B.McManus",28,"outdoors","made","stadium"
"B.McManus",47,"dome","made","dome"
"B.McManus",31,"outdoors","made","stadium"
"B.McManus",42,"dome","missed","dome"
"B.McManus",33,"outdoors","made","stadium"
"B.McManus",42,"outdoors","made","stadium"
"B.McManus",33,"outdoors","made","stadium"
"B.McManus",38,"outdoors","made","stadium"
"B.McManus",26,"outdoors","made","stadium"
"B.McManus",31,"outdoors","made","stadium"
"B.McManus",35,"outdoors","made","stadium"
"B.McManus",63,"outdoors","missed","stadium"
"B.McManus",50,"dome","made","dome"
"B.McManus",28,"dome","made","dome"
"B.McManus",28,"outdoors","made","stadium"
"B.McManus",52,"dome","made","dome"
"B.McManus",28,"outdoors","made","stadium"
"B.McManus",57,"outdoors","missed","stadium"
"B.McManus",53,"outdoors","made","stadium"
"B.McManus",29,"outdoors","made","stadium"
"B.Walsh",56,"outdoors","missed","stadium"
"B.Walsh",23,"dome","made","dome"
"B.Walsh",50,"dome","made","dome"
"B.Walsh",26,"dome","missed","dome"
"B.Walsh",33,"outdoors","made","stadium"
"B.Walsh",43,"open","made","stadium"
"B.Walsh",46,"dome","made","dome"
"B.Walsh",39,"outdoors","made","stadium"
"B.Walsh",27,"outdoors","made","stadium"
"B.Walsh",28,"outdoors","made","stadium"
"B.Walsh",21,"dome","made","dome"
"B.Walsh",25,"dome","made","dome"
"B.Walsh",45,"outdoors","made","stadium"
"B.Walsh",48,"outdoors","made","stadium"
"B.Walsh",43,"outdoors","made","stadium"
"B.Walsh",33,"outdoors","made","stadium"
"B.Walsh",55,"outdoors","made","stadium"
"B.Walsh",56,"outdoors","missed","stadium"
"B.Walsh",37,"outdoors","made","stadium"
"B.Walsh",40,"outdoors","made","stadium"
"B.Walsh",46,"outdoors","made","stadium"
"B.Walsh",51,"dome","missed","dome"
"B.Walsh",46,"outdoors","made","stadium"
"B.Walsh",42,"dome","made","dome"
"B.Walsh",46,"dome","missed","dome"
"B.Walsh",49,"outdoors","made","stadium"
"B.Walsh",53,"outdoors","missed","stadium"
"B.Walsh",38,"outdoors","missed","stadium"
"B.Walsh",26,"outdoors","made","stadium"
"B.Walsh",30,"dome","made","dome"
"B.Walsh",30,"outdoors","made","stadium"
"B.Walsh",36,"dome","made","dome"
"B.Walsh",37,"dome","made","dome"
"B.Walsh",40,"outdoors","made","stadium"
"B.Walsh",44,"outdoors","missed","stadium"
"B.Walsh",46,"outdoors","made","stadium"
"B.Walsh",40,"outdoors","made","stadium"
"C.Barth",37,"outdoors","made","stadium"
"C.Barth",28,"outdoors","made","stadium"
"C.Barth",30,"outdoors","made","stadium"
"C.Barth",45,"outdoors","made","stadium"
"C.Barth",45,"outdoors","made","stadium"
"C.Barth",36,"dome","made","dome"
"C.Barth",31,"outdoors","made","stadium"
"C.Barth",40,"outdoors","missed","stadium"
"C.Barth",35,"outdoors","missed","stadium"
"C.Barth",40,"outdoors","made","stadium"
"C.Barth",33,"outdoors","made","stadium"
"C.Barth",24,"outdoors","made","stadium"
"C.Barth",39,"outdoors","made","stadium"
"C.Barth",42,"outdoors","made","stadium"
"C.Barth",38,"outdoors","made","stadium"
"C.Barth",46,"outdoors","missed","stadium"
"C.Barth",20,"outdoors","made","stadium"
"C.Barth",49,"outdoors","made","stadium"
"C.Barth",49,"open","made","stadium"
"C.Barth",50,"outdoors","missed","stadium"
"C.Barth",30,"outdoors","made","stadium"
"C.Barth",49,"outdoors","missed","stadium"
"C.Barth",28,"outdoors","made","stadium"
"C.Barth",51,"outdoors","made","stadium"
"C.Barth",50,"outdoors","made","stadium"
"C.Barth",52,"outdoors","made","stadium"
"C.Barth",21,"outdoors","made","stadium"
"C.Barth",40,"dome","made","dome"
"C.Barth",40,"outdoors","made","stadium"
"C.Barth",24,"dome","made","dome"
"C.Barth",46,"outdoors","made","stadium"
"C.Barth",47,"outdoors","made","stadium"
"C.Barth",31,"outdoors","made","stadium"
"C.Barth",23,"outdoors","made","stadium"
"C.Boswell",38,"outdoors","made","stadium"
"C.Boswell",21,"outdoors","made","stadium"
"C.Boswell",30,"closed","made","dome"
"C.Boswell",34,"outdoors","made","stadium"
"C.Boswell",36,"closed","made","dome"
"C.Boswell",46,"outdoors","made","stadium"
"C.Boswell",52,"outdoors","made","stadium"
"C.Boswell",36,"outdoors","made","stadium"
"C.Boswell",42,"outdoors","made","stadium"
"C.Boswell",30,"outdoors","made","stadium"
"C.Boswell",44,"outdoors","missed","stadium"
"C.Boswell",38,"outdoors","made","stadium"
"C.Boswell",21,"outdoors","made","stadium"
"C.Boswell",52,"outdoors","made","stadium"
"C.Boswell",49,"outdoors","made","stadium"
"C.Boswell",37,"closed","made","dome"
"C.Boswell",42,"outdoors","missed","stadium"
"C.Boswell",27,"outdoors","made","stadium"
"C.Boswell",45,"outdoors","made","stadium"
"C.Boswell",48,"outdoors","made","stadium"
"C.Boswell",37,"outdoors","made","stadium"
"C.Boswell",29,"outdoors","made","stadium"
"C.Boswell",54,"outdoors","made","stadium"
"C.Boswell",19,"outdoors","made","stadium"
"C.Boswell",45,"outdoors","missed","stadium"
"C.Boswell",25,"outdoors","made","stadium"
"C.Boswell",49,"outdoors","made","stadium"
"C.Boswell",45,"outdoors","made","stadium"
"C.Boswell",37,"outdoors","made","stadium"
"C.Boswell",26,"outdoors","made","stadium"
"C.Boswell",48,"outdoors","missed","stadium"
"C.Boswell",30,"dome","made","dome"
"C.Boswell",40,"outdoors","made","stadium"
"C.Boswell",29,"outdoors","made","stadium"
"C.Boswell",26,"outdoors","made","stadium"
"C.Boswell",20,"outdoors","made","stadium"
"C.Boswell",37,"outdoors","made","stadium"
"C.Boswell",48,"outdoors","made","stadium"
"C.Boswell",49,"outdoors","made","stadium"
"C.Boswell",36,"dome","made","dome"
"C.Boswell",49,"outdoors","made","stadium"
"C.Catanzaro",28,"outdoors","made","stadium"
"C.Catanzaro",24,"closed","missed","dome"
"C.Catanzaro",36,"closed","missed","dome"
"C.Catanzaro",25,"outdoors","made","stadium"
"C.Catanzaro",24,"closed","made","dome"
"C.Catanzaro",42,"closed","made","dome"
"C.Catanzaro",45,"outdoors","missed","stadium"
"C.Catanzaro",45,"outdoors","made","stadium"
"C.Catanzaro",44,"closed","made","dome"
"C.Catanzaro",33,"dome","made","dome"
"C.Catanzaro",34,"outdoors","made","stadium"
"C.Catanzaro",21,"closed","made","dome"
"C.Catanzaro",19,"outdoors","made","stadium"
"C.Catanzaro",23,"outdoors","made","stadium"
"C.Catanzaro",46,"outdoors","missed","stadium"
"C.Catanzaro",38,"outdoors","made","stadium"
"C.Catanzaro",43,"closed","made","dome"
"C.Catanzaro",60,"outdoors","made","stadium"
"C.Catanzaro",55,"closed","missed","dome"
"C.Catanzaro",33,"outdoors","made","stadium"
"C.Catanzaro",42,"outdoors","made","stadium"
"C.Catanzaro",53,"closed","missed","dome"
"C.Catanzaro",19,"closed","made","dome"
"C.Catanzaro",21,"closed","made","dome"
"C.Catanzaro",47,"outdoors","missed","stadium"
"C.Catanzaro",48,"outdoors","made","stadium"
"C.Catanzaro",23,"dome","made","dome"
"C.Catanzaro",53,"outdoors","missed","stadium"
"C.Parkey",37,"outdoors","made","stadium"
"C.Parkey",47,"outdoors","made","stadium"
"C.Parkey",41,"outdoors","made","stadium"
"C.Parkey",42,"outdoors","made","stadium"
"C.Parkey",41,"outdoors","made","stadium"
"C.Parkey",28,"outdoors","made","stadium"
"C.Parkey",53,"outdoors","missed","stadium"
"C.Parkey",38,"outdoors","missed","stadium"
"C.Parkey",37,"closed","made","dome"
"C.Parkey",50,"outdoors","made","stadium"
"C.Parkey",45,"outdoors","made","stadium"
"C.Parkey",51,"outdoors","made","stadium"
"C.Parkey",38,"closed","missed","dome"
"C.Parkey",46,"outdoors","made","stadium"
"C.Parkey",32,"outdoors","made","stadium"
"C.Parkey",42,"dome","made","dome"
"C.Parkey",50,"outdoors","missed","stadium"
"C.Parkey",39,"outdoors","made","stadium"
"C.Parkey",54,"closed","made","dome"
"C.Parkey",32,"outdoors","made","stadium"
"C.Parkey",45,"outdoors","made","stadium"
"C.Parkey",46,"outdoors","made","stadium"
"C.Parkey",20,"closed","made","dome"
"C.Parkey",46,"outdoors","made","stadium"
"C.Parkey",27,"outdoors","made","stadium"
"C.Parkey",40,"outdoors","missed","stadium"
"C.Parkey",22,"closed","made","dome"
"C.Parkey",45,"outdoors","made","stadium"
"C.Santos",20,"outdoors","made","stadium"
"C.Santos",27,"outdoors","made","stadium"
"C.Santos",38,"outdoors","made","stadium"
"C.Santos",33,"outdoors","made","stadium"
"C.Santos",49,"outdoors","made","stadium"
"C.Santos",35,"closed","made","dome"
"C.Santos",22,"outdoors","made","stadium"
"C.Santos",41,"outdoors","made","stadium"
"C.Santos",24,"outdoors","made","stadium"
"C.Santos",38,"outdoors","missed","stadium"
"C.Santos",24,"outdoors","made","stadium"
"C.Santos",39,"outdoors","made","stadium"
"C.Santos",30,"outdoors","made","stadium"
"C.Santos",19,"outdoors","made","stadium"
"C.Santos",45,"outdoors","made","stadium"
"C.Santos",36,"outdoors","made","stadium"
"C.Santos",51,"outdoors","made","stadium"
"C.Santos",42,"dome","made","dome"
"C.Santos",46,"outdoors","missed","stadium"
"C.Santos",51,"closed","missed","dome"
"C.Santos",37,"outdoors","missed","stadium"
"C.Santos",23,"outdoors","made","stadium"
"C.Santos",44,"outdoors","made","stadium"
"C.Santos",34,"outdoors","made","stadium"
"C.Santos",48,"outdoors","made","stadium"
"C.Santos",28,"outdoors","made","stadium"
"C.Santos",43,"dome","made","dome"
"C.Santos",22,"outdoors","made","stadium"
"C.Santos",38,"outdoors","made","stadium"
"C.Santos",34,"outdoors","made","stadium"
"C.Santos",39,"outdoors","made","stadium"
"C.Santos",38,"outdoors","made","stadium"
"C.Santos",53,"dome","missed","dome"
"C.Santos",44,"outdoors","made","stadium"
"C.Santos",52,"closed","missed","dome"
"C.Santos",53,"outdoors","made","stadium"
"C.Santos",40,"outdoors","missed","stadium"
"C.Santos",47,"outdoors","made","stadium"
"C.Santos",40,"outdoors","made","stadium"
"C.Sturgis",44,"outdoors","made","stadium"
"C.Sturgis",24,"outdoors","made","stadium"
"C.Sturgis",30,"outdoors","made","stadium"
"C.Sturgis",22,"outdoors","made","stadium"
"C.Sturgis",26,"outdoors","made","stadium"
"C.Sturgis",36,"outdoors","made","stadium"
"C.Sturgis",30,"outdoors","made","stadium"
"C.Sturgis",29,"outdoors","made","stadium"
"C.Sturgis",42,"outdoors","missed","stadium"
"C.Sturgis",24,"outdoors","made","stadium"
"C.Sturgis",54,"open","made","stadium"
"C.Sturgis",34,"closed","made","dome"
"C.Sturgis",22,"outdoors","made","stadium"
"C.Sturgis",32,"outdoors","made","stadium"
"C.Sturgis",29,"outdoors","made","stadium"
"C.Sturgis",45,"outdoors","missed","stadium"
"C.Sturgis",38,"outdoors","made","stadium"
"C.Sturgis",40,"outdoors","made","stadium"
"C.Sturgis",46,"outdoors","missed","stadium"
"C.Sturgis",30,"outdoors","made","stadium"
"C.Sturgis",22,"outdoors","made","stadium"
"C.Sturgis",45,"outdoors","made","stadium"
"C.Sturgis",41,"outdoors","made","stadium"
"C.Sturgis",30,"outdoors","made","stadium"
"C.Sturgis",37,"outdoors","missed","stadium"
"C.Sturgis",43,"outdoors","made","stadium"
"C.Sturgis",48,"outdoors","made","stadium"
"C.Sturgis",38,"outdoors","made","stadium"
"C.Sturgis",53,"closed","made","dome"
"C.Sturgis",35,"outdoors","made","stadium"
"D.Akers",31,"dome","made","dome"
"D.Akers",19,"outdoors","made","stadium"
"D.Akers",30,"outdoors","missed","stadium"
"D.Akers",41,"dome","made","dome"
"D.Akers",48,"outdoors","made","stadium"
"D.Akers",37,"outdoors","made","stadium"
"D.Akers",30,"outdoors","made","stadium"
"D.Akers",35,"outdoors","made","stadium"
"D.Akers",21,"outdoors","missed","stadium"
"D.Akers",27,"closed","made","dome"
"D.Akers",63,"outdoors","made","stadium"
"D.Akers",40,"outdoors","missed","stadium"
"D.Akers",29,"outdoors","made","stadium"
"D.Akers",44,"outdoors","made","stadium"
"D.Akers",42,"outdoors","made","stadium"
"D.Akers",27,"outdoors","made","stadium"
"D.Akers",22,"outdoors","made","stadium"
"D.Akers",28,"outdoors","made","stadium"
"D.Akers",38,"outdoors","made","stadium"
"D.Akers",37,"outdoors","made","stadium"
"D.Akers",30,"outdoors","made","stadium"
"D.Akers",34,"outdoors","made","stadium"
"D.Akers",51,"dome","missed","dome"
"D.Akers",42,"dome","made","dome"
"D.Akers",33,"outdoors","made","stadium"
"D.Akers",29,"dome","made","dome"
"D.Akers",43,"dome","missed","dome"
"D.Akers",40,"outdoors","made","stadium"
"D.Akers",46,"outdoors","made","stadium"
"D.Akers",28,"outdoors","made","stadium"
"D.Akers",33,"outdoors","made","stadium"
"D.Bailey",20,"outdoors","made","stadium"
"D.Bailey",51,"closed","made","dome"
"D.Bailey",54,"outdoors","missed","stadium"
"D.Bailey",36,"closed","made","dome"
"D.Bailey",23,"dome","made","dome"
"D.Bailey",34,"outdoors","made","stadium"
"D.Bailey",43,"closed","made","dome"
"D.Bailey",31,"outdoors","made","stadium"
"D.Bailey",51,"open","made","stadium"
"D.Bailey",26,"closed","made","dome"
"D.Bailey",43,"closed","made","dome"
"D.Bailey",34,"outdoors","made","stadium"
"D.Bailey",35,"outdoors","made","stadium"
"D.Bailey",28,"outdoors","made","stadium"
"D.Bailey",53,"outdoors","missed","stadium"
"D.Bailey",23,"outdoors","made","stadium"
"D.Bailey",40,"outdoors","made","stadium"
"D.Bailey",42,"outdoors","missed","stadium"
"D.Bailey",48,"outdoors","missed","stadium"
"D.Bailey",37,"outdoors","made","stadium"
"D.Bailey",43,"outdoors","made","stadium"
"D.Bailey",38,"outdoors","made","stadium"
"D.Bailey",53,"outdoors","made","stadium"
"D.Bailey",32,"outdoors","made","stadium"
"D.Bailey",21,"outdoors","missed","stadium"
"D.Bailey",56,"closed","made","dome"
"D.Bailey",19,"closed","made","dome"
"D.Bailey",38,"closed","made","dome"
"D.Bailey",52,"closed","missed","dome"
"D.Bailey",23,"closed","made","dome"
"D.Bailey",24,"dome","made","dome"
"D.Bailey",45,"outdoors","made","stadium"
"D.Bailey",23,"closed","made","dome"
"D.Bailey",22,"outdoors","made","stadium"
"D.Bailey",32,"closed","made","dome"
"D.Bailey",38,"outdoors","made","stadium"
"D.Bailey",51,"closed","made","dome"
"D.Bailey",51,"outdoors","missed","stadium"
"D.Bailey",21,"closed","made","dome"
"D.Bailey",24,"closed","made","dome"
"D.Bailey",44,"outdoors","made","stadium"
"D.Bailey",38,"outdoors","made","stadium"
"D.Bailey",56,"outdoors","missed","stadium"
"D.Bailey",45,"closed","made","dome"
"D.Bailey",24,"dome","made","dome"
"D.Bailey",50,"closed","made","dome"
"D.Bailey",36,"outdoors","made","stadium"
"D.Bailey",33,"closed","made","dome"
"D.Bailey",50,"closed","made","dome"
"D.Bailey",47,"closed","missed","dome"
"D.Bailey",44,"closed","made","dome"
"D.Bailey",44,"outdoors","made","stadium"
"D.Bailey",20,"closed","made","dome"
"D.Bailey",55,"closed","missed","dome"
"D.Bailey",50,"closed","made","dome"
"D.Bailey",23,"outdoors","made","stadium"
"D.Bailey",37,"dome","made","dome"
"D.Bailey",35,"outdoors","made","stadium"
"D.Carlson",26,"outdoors","made","stadium"
"D.Carlson",34,"outdoors","made","stadium"
"D.Carlson",44,"outdoors","made","stadium"
"D.Carlson",41,"outdoors","made","stadium"
"D.Carlson",50,"outdoors","made","stadium"
"D.Carlson",46,"closed","made","dome"
"D.Carlson",20,"outdoors","made","stadium"
"D.Carlson",24,"outdoors","made","stadium"
"D.Carlson",44,"outdoors","made","stadium"
"D.Carlson",23,"dome","made","dome"
"D.Carlson",40,"outdoors","made","stadium"
"D.Carlson",38,"dome","made","dome"
"D.Carlson",44,"closed","made","dome"
"D.Carlson",44,NA,"made","dome"
"D.Carlson",26,"dome","made","dome"
"D.Carlson",29,"outdoors","made","stadium"
"D.Carlson",23,"dome","made","dome"
"D.Carlson",53,"outdoors","missed","stadium"
"D.Carlson",22,"dome","made","dome"
"D.Carlson",30,"outdoors","made","stadium"
"D.Carlson",54,"dome","made","dome"
"D.Carlson",33,"outdoors","made","stadium"
"D.Carlson",31,"dome","made","dome"
"D.Carlson",50,"outdoors","made","stadium"
"D.Carlson",30,"outdoors","made","stadium"
"D.Carpenter",37,"dome","made","dome"
"D.Carpenter",53,"outdoors","missed","stadium"
"D.Carpenter",54,"outdoors","missed","stadium"
"D.Carpenter",25,"outdoors","made","stadium"
"D.Carpenter",45,"dome","made","dome"
"D.Carpenter",21,"outdoors","made","stadium"
"D.Carpenter",60,"outdoors","made","stadium"
"D.Carpenter",20,"outdoors","made","stadium"
"D.Carpenter",22,"outdoors","made","stadium"
"D.Carpenter",42,"outdoors","made","stadium"
"D.Carpenter",26,"outdoors","made","stadium"
"D.Carpenter",47,"outdoors","missed","stadium"
"D.Carpenter",31,"outdoors","made","stadium"
"D.Carpenter",54,"outdoors","made","stadium"
"D.Carpenter",44,"outdoors","made","stadium"
"D.Carpenter",49,"outdoors","missed","stadium"
"D.Carpenter",33,"outdoors","made","stadium"
"D.Carpenter",36,"outdoors","made","stadium"
"D.Carpenter",20,"outdoors","made","stadium"
"D.Carpenter",28,"outdoors","made","stadium"
"D.Carpenter",44,"outdoors","made","stadium"
"D.Carpenter",26,"outdoors","made","stadium"
"D.Carpenter",29,"dome","made","dome"
"D.Carpenter",21,"outdoors","made","stadium"
"D.Carpenter",34,"outdoors","made","stadium"
"D.Carpenter",23,"outdoors","made","stadium"
"D.Carpenter",53,"outdoors","missed","stadium"
"D.Carpenter",29,"outdoors","made","stadium"
"D.Carpenter",49,"outdoors","missed","stadium"
"D.Carpenter",40,"outdoors","made","stadium"
"D.Carpenter",53,"outdoors","missed","stadium"
"D.Carpenter",39,"closed","made","dome"
"D.Carpenter",46,"outdoors","made","stadium"
"D.Carpenter",52,"outdoors","made","stadium"
"D.Carpenter",27,"outdoors","made","stadium"
"D.Carpenter",58,"outdoors","made","stadium"
"D.Carpenter",29,"outdoors","made","stadium"
"D.Carpenter",32,"outdoors","made","stadium"
"D.Carpenter",38,"outdoors","made","stadium"
"D.Carpenter",43,"outdoors","made","stadium"
"D.Carpenter",43,"outdoors","made","stadium"
"D.Carpenter",45,"outdoors","made","stadium"
"D.Carpenter",42,"outdoors","made","stadium"
"D.Carpenter",21,"outdoors","made","stadium"
"D.Carpenter",21,"outdoors","made","stadium"
"D.Hopkins",33,"outdoors","made","stadium"
"D.Hopkins",43,"outdoors","made","stadium"
"D.Hopkins",32,"outdoors","made","stadium"
"D.Hopkins",54,"outdoors","missed","stadium"
"D.Hopkins",48,"outdoors","made","stadium"
"D.Hopkins",47,"outdoors","missed","stadium"
"D.Hopkins",33,"closed","made","dome"
"D.Hopkins",40,"outdoors","made","stadium"
"D.Hopkins",55,"outdoors","missed","stadium"
"D.Hopkins",49,"outdoors","made","stadium"
"D.Hopkins",43,"dome","made","dome"
"D.Hopkins",28,"outdoors","made","stadium"
"D.Hopkins",44,"outdoors","made","stadium"
"D.Hopkins",49,"outdoors","missed","stadium"
"D.Hopkins",25,"outdoors","made","stadium"
"D.Hopkins",46,"outdoors","made","stadium"
"D.Hopkins",26,"outdoors","made","stadium"
"D.Hopkins",33,"outdoors","made","stadium"
"D.Hopkins",50,"outdoors","made","stadium"
"D.Hopkins",27,"outdoors","made","stadium"
"D.Hopkins",28,"dome","made","dome"
"D.Hopkins",47,"outdoors","made","stadium"
"D.Hopkins",28,"outdoors","made","stadium"
"D.Hopkins",30,"outdoors","made","stadium"
"D.Hopkins",45,"outdoors","made","stadium"
"D.Hopkins",38,"outdoors","missed","stadium"
"D.Hopkins",33,"outdoors","made","stadium"
"D.Hopkins",36,"outdoors","made","stadium"
"D.Hopkins",39,"outdoors","missed","stadium"
"D.Hopkins",25,"outdoors","made","stadium"
"D.Hopkins",30,"dome","made","dome"
"D.Hopkins",27,"outdoors","made","stadium"
"D.Hopkins",37,"outdoors","made","stadium"
"D.Hopkins",56,"outdoors","made","stadium"
"D.Hopkins",38,"dome","made","dome"
"D.Hopkins",48,"outdoors","made","stadium"
"D.Hopkins",52,"outdoors","missed","stadium"
"D.Hopkins",49,"outdoors","made","stadium"
"D.Hopkins",22,"outdoors","made","stadium"
"D.Hopkins",36,"outdoors","made","stadium"
"D.Hopkins",53,"outdoors","made","stadium"
"D.Hopkins",34,"outdoors","missed","stadium"
"G.Gano",47,"outdoors","made","stadium"
"G.Gano",21,"dome","made","dome"
"G.Gano",25,"outdoors","made","stadium"
"G.Gano",31,"outdoors","made","stadium"
"G.Gano",26,"outdoors","made","stadium"
"G.Gano",52,"outdoors","made","stadium"
"G.Gano",36,"outdoors","made","stadium"
"G.Gano",20,"outdoors","made","stadium"
"G.Gano",48,"dome","made","dome"
"G.Gano",43,"outdoors","missed","stadium"
"G.Gano",51,"outdoors","missed","stadium"
"G.Gano",55,"outdoors","made","stadium"
"G.Gano",37,"dome","made","dome"
"G.Gano",58,"outdoors","missed","stadium"
"G.Gano",42,"outdoors","made","stadium"
"G.Gano",31,"dome","made","dome"
"G.Gano",25,"outdoors","made","stadium"
"G.Gano",25,"outdoors","made","stadium"
"G.Gano",51,"outdoors","missed","stadium"
"G.Gano",30,"outdoors","made","stadium"
"G.Gano",49,"dome","missed","dome"
"G.Gano",38,"dome","made","dome"
"G.Gano",27,"closed","made","dome"
"G.Gano",40,"outdoors","made","stadium"
"G.Gano",39,"outdoors","made","stadium"
"G.Gano",42,"outdoors","made","stadium"
"G.Gano",44,"outdoors","made","stadium"
"G.Gano",27,"outdoors","made","stadium"
"G.Gano",37,"outdoors","made","stadium"
"G.Gano",35,"outdoors","missed","stadium"
"G.Gano",45,"outdoors","made","stadium"
"G.Gano",50,"outdoors","missed","stadium"
"G.Gano",49,"outdoors","made","stadium"
"G.Gano",31,"outdoors","made","stadium"
"G.Gano",51,"outdoors","made","stadium"
"G.Gano",55,"closed","made","dome"
"G.Gano",42,"closed","made","dome"
"G.Gano",25,"closed","made","dome"
"G.Gano",52,"outdoors","made","stadium"
"G.Gano",26,"outdoors","made","stadium"
"G.Gano",39,"outdoors","made","stadium"
"G.Gano",23,"outdoors","made","stadium"
"G.Gano",23,"outdoors","made","stadium"
"G.Gano",38,"outdoors","missed","stadium"
"G.Gano",33,"outdoors","made","stadium"
"G.Gano",41,"outdoors","made","stadium"
"G.Gano",45,"outdoors","made","stadium"
"G.Gano",48,"outdoors","made","stadium"
"G.Gano",41,"outdoors","made","stadium"
"G.Gano",40,"outdoors","made","stadium"
"G.Gano",54,"outdoors","made","stadium"
"G.Gano",49,"outdoors","made","stadium"
"G.Gano",31,"outdoors","made","stadium"
"G.Gano",43,"closed","made","dome"
"G.Gano",25,"outdoors","made","stadium"
"G.Gano",29,"dome","made","dome"
"G.Gano",52,"outdoors","missed","stadium"
"G.Gano",42,"outdoors","made","stadium"
"G.Gano",27,"outdoors","made","stadium"
"G.Gano",63,"outdoors","missed","stadium"
"G.Gano",31,"outdoors","made","stadium"
"G.Gano",26,"outdoors","made","stadium"
"G.Gano",23,"outdoors","made","stadium"
"G.Gano",53,"outdoors","missed","stadium"
"G.Gano",43,"closed","missed","dome"
"G.Gano",40,"outdoors","made","stadium"
"G.Zuerlein",32,"outdoors","made","stadium"
"G.Zuerlein",47,"outdoors","made","stadium"
"G.Zuerlein",60,"closed","missed","dome"
"G.Zuerlein",24,"dome","made","dome"
"G.Zuerlein",23,"outdoors","made","stadium"
"G.Zuerlein",57,"dome","missed","dome"
"G.Zuerlein",33,"closed","made","dome"
"G.Zuerlein",60,"outdoors","missed","stadium"
"G.Zuerlein",31,"closed","made","dome"
"G.Zuerlein",38,"outdoors","made","stadium"
"G.Zuerlein",32,"outdoors","made","stadium"
"G.Zuerlein",35,"closed","made","dome"
"G.Zuerlein",30,"closed","made","dome"
"G.Zuerlein",34,"outdoors","made","stadium"
"G.Zuerlein",37,"outdoors","made","stadium"
"G.Zuerlein",31,"outdoors","made","stadium"
"G.Zuerlein",25,"outdoors","made","stadium"
"G.Zuerlein",59,"outdoors","made","stadium"
"G.Zuerlein",33,"outdoors","made","stadium"
"G.Zuerlein",47,"dome","made","dome"
"G.Zuerlein",28,"closed","made","dome"
"G.Zuerlein",58,"dome","missed","dome"
"G.Zuerlein",38,"outdoors","missed","stadium"
"G.Zuerlein",46,"dome","made","dome"
"G.Zuerlein",38,"outdoors","made","stadium"
"G.Zuerlein",27,"outdoors","made","stadium"
"G.Zuerlein",50,"outdoors","made","stadium"
"G.Zuerlein",51,"dome","made","dome"
"G.Zuerlein",48,"outdoors","missed","stadium"
"G.Zuerlein",42,"dome","made","dome"
"G.Zuerlein",52,"outdoors","missed","stadium"
"G.Zuerlein",27,"outdoors","made","stadium"
"G.Zuerlein",35,"outdoors","made","stadium"
"G.Zuerlein",56,"outdoors","made","stadium"
"G.Zuerlein",44,"outdoors","made","stadium"
"G.Zuerlein",42,"outdoors","made","stadium"
"G.Zuerlein",47,"outdoors","made","stadium"
"G.Zuerlein",19,"closed","made","dome"
"G.Zuerlein",25,"dome","made","dome"
"G.Zuerlein",37,"outdoors","made","stadium"
"G.Zuerlein",50,"outdoors","missed","stadium"
"G.Zuerlein",28,"outdoors","made","stadium"
"G.Zuerlein",34,"outdoors","made","stadium"
"G.Zuerlein",29,"closed","made","dome"
"G.Zuerlein",46,"outdoors","missed","stadium"
"G.Zuerlein",45,"outdoors","made","stadium"
"G.Zuerlein",55,"dome","made","dome"
"G.Zuerlein",33,"outdoors","made","stadium"
"G.Zuerlein",54,"outdoors","made","stadium"
"G.Zuerlein",31,"outdoors","made","stadium"
"G.Zuerlein",33,"dome","made","dome"
"G.Zuerlein",37,"outdoors","missed","stadium"
"G.Zuerlein",31,"dome","made","dome"
"G.Zuerlein",35,"outdoors","made","stadium"
"G.Zuerlein",48,"dome","made","dome"
"G.Zuerlein",51,"dome","missed","dome"
"G.Zuerlein",35,"outdoors","made","stadium"
"G.Zuerlein",37,"dome","made","dome"
"G.Zuerlein",33,"outdoors","made","stadium"
"G.Zuerlein",20,"closed","made","dome"
"G.Zuerlein",36,"outdoors","made","stadium"
"G.Zuerlein",32,"closed","made","dome"
"G.Zuerlein",55,"outdoors","made","stadium"
"G.Zuerlein",45,"outdoors","made","stadium"
"H.Butker",23,"outdoors","made","stadium"
"H.Butker",41,"outdoors","made","stadium"
"H.Butker",53,"outdoors","made","stadium"
"H.Butker",46,"outdoors","made","stadium"
"H.Butker",42,"outdoors","missed","stadium"
"H.Butker",45,"outdoors","made","stadium"
"H.Butker",33,"outdoors","made","stadium"
"H.Butker",46,"outdoors","made","stadium"
"H.Butker",42,"outdoors","made","stadium"
"H.Butker",32,"outdoors","made","stadium"
"H.Butker",52,"outdoors","missed","stadium"
"H.Butker",40,"outdoors","made","stadium"
"H.Butker",55,"outdoors","made","stadium"
"H.Butker",25,"outdoors","made","stadium"
"H.Butker",50,"outdoors","made","stadium"
"H.Butker",43,"outdoors","missed","stadium"
"H.Butker",26,"outdoors","made","stadium"
"H.Butker",45,"outdoors","made","stadium"
"H.Butker",32,"outdoors","made","stadium"
"H.Butker",48,"outdoors","missed","stadium"
"H.Butker",34,"outdoors","made","stadium"
"H.Butker",19,"outdoors","made","stadium"
"H.Butker",37,"outdoors","made","stadium"
"H.Butker",38,"outdoors","made","stadium"
"H.Butker",23,"dome","made","dome"
"H.Butker",33,"outdoors","made","stadium"
"H.Butker",50,"outdoors","missed","stadium"
"H.Butker",42,"outdoors","made","stadium"
"H.Butker",24,"outdoors","made","stadium"
"H.Butker",21,"outdoors","made","stadium"
"H.Butker",30,"outdoors","made","stadium"
"H.Butker",39,"outdoors","made","stadium"
"J.Brown",44,"outdoors","made","stadium"
"J.Brown",20,"closed","made","dome"
"J.Brown",48,"outdoors","made","stadium"
"J.Brown",25,"outdoors","made","stadium"
"J.Brown",29,"dome","made","dome"
"J.Brown",38,"outdoors","made","stadium"
"J.Brown",35,"outdoors","made","stadium"
"J.Brown",50,"outdoors","made","stadium"
"J.Brown",24,"outdoors","made","stadium"
"J.Brown",44,"outdoors","made","stadium"
"J.Brown",47,"outdoors","made","stadium"
"J.Brown",41,"outdoors","made","stadium"
"J.Brown",36,"outdoors","made","stadium"
"J.Brown",29,"dome","missed","dome"
"J.Brown",43,"outdoors","made","stadium"
"J.Brown",53,"outdoors","made","stadium"
"J.Brown",56,"outdoors","missed","stadium"
"J.Brown",48,"outdoors","missed","stadium"
"J.Brown",38,"outdoors","missed","stadium"
"J.Brown",22,"outdoors","made","stadium"
"J.Brown",35,"outdoors","made","stadium"
"J.Brown",20,"outdoors","made","stadium"
"J.Elliott",31,"outdoors","made","stadium"
"J.Elliott",58,"outdoors","made","stadium"
"J.Elliott",25,"outdoors","made","stadium"
"J.Elliott",56,"outdoors","made","stadium"
"J.Elliott",30,"outdoors","missed","stadium"
"J.Elliott",54,"outdoors","missed","stadium"
"J.Elliott",28,"outdoors","made","stadium"
"J.Elliott",46,"outdoors","made","stadium"
"J.Elliott",22,"outdoors","made","stadium"
"J.Elliott",42,"outdoors","made","stadium"
"J.Elliott",42,"outdoors","made","stadium"
"J.Elliott",40,"outdoors","made","stadium"
"J.Elliott",55,"outdoors","missed","stadium"
"J.Elliott",40,"outdoors","made","stadium"
"J.Elliott",51,"outdoors","made","stadium"
"J.Elliott",26,"closed","made","dome"
"J.Elliott",48,"outdoors","made","stadium"
"J.Elliott",30,"outdoors","made","stadium"
"J.Elliott",43,"outdoors","made","stadium"
"J.Elliott",45,"outdoors","made","stadium"
"J.Elliott",43,"outdoors","made","stadium"
"J.Elliott",61,"outdoors","made","stadium"
"J.Elliott",38,"closed","made","dome"
"J.Elliott",37,"outdoors","made","stadium"
"J.Elliott",42,"outdoors","made","stadium"
"J.Elliott",47,"outdoors","made","stadium"
"J.Elliott",27,"outdoors","made","stadium"
"J.Elliott",33,"outdoors","made","stadium"
"J.Feely",49,"closed","made","dome"
"J.Feely",38,"outdoors","made","stadium"
"J.Feely",43,"outdoors","missed","stadium"
"J.Feely",49,"closed","made","dome"
"J.Feely",37,"closed","made","dome"
"J.Feely",38,"dome","made","dome"
"J.Feely",31,"outdoors","made","stadium"
"J.Feely",21,"closed","made","dome"
"J.Feely",43,"outdoors","missed","stadium"
"J.Feely",24,"outdoors","made","stadium"
"J.Feely",45,"closed","made","dome"
"J.Feely",20,"outdoors","made","stadium"
"J.Feely",48,"dome","made","dome"
"J.Feely",49,"closed","made","dome"
"J.Feely",27,"closed","made","dome"
"J.Feely",27,"closed","made","dome"
"J.Feely",35,"outdoors","made","stadium"
"J.Feely",47,"closed","made","dome"
"J.Feely",23,"outdoors","made","stadium"
"J.Feely",48,"outdoors","made","stadium"
"J.Feely",26,"outdoors","made","stadium"
"J.Feely",49,"closed","made","dome"
"J.Feely",31,"closed","made","dome"
"J.Lambo",30,"outdoors","made","stadium"
"J.Lambo",48,"outdoors","missed","stadium"
"J.Lambo",52,"outdoors","missed","stadium"
"J.Lambo",41,"outdoors","made","stadium"
"J.Lambo",46,"closed","missed","dome"
"J.Lambo",33,"outdoors","made","stadium"
"J.Lambo",26,"outdoors","made","stadium"
"J.Lambo",39,"outdoors","made","stadium"
"J.Lambo",35,"outdoors","made","stadium"
"J.Lambo",42,"outdoors","made","stadium"
"J.Lambo",37,"outdoors","made","stadium"
"J.Lambo",26,"outdoors","made","stadium"
"J.Lambo",31,"outdoors","made","stadium"
"J.Lambo",28,"outdoors","made","stadium"
"J.Lambo",24,"outdoors","made","stadium"
"J.Lambo",27,"closed","made","dome"
"J.Lambo",51,"outdoors","made","stadium"
"J.Lambo",50,"outdoors","made","stadium"
"J.Lambo",50,"outdoors","made","stadium"
"J.Lambo",53,"outdoors","made","stadium"
"J.Lambo",28,"closed","made","dome"
"J.Lambo",24,"outdoors","made","stadium"
"J.Lambo",43,"outdoors","made","stadium"
"J.Lambo",48,"outdoors","missed","stadium"
"J.Lambo",32,"outdoors","made","stadium"
"J.Lambo",42,"closed","made","dome"
"J.Lambo",25,"outdoors","made","stadium"
"J.Lambo",23,"outdoors","made","stadium"
"J.Lambo",33,"closed","made","dome"
"J.Myers",39,"outdoors","made","stadium"
"J.Myers",41,"closed","made","dome"
"J.Myers",44,"outdoors","missed","stadium"
"J.Myers",29,"outdoors","made","stadium"
"J.Myers",21,"outdoors","made","stadium"
"J.Myers",33,"outdoors","made","stadium"
"J.Myers",48,"open","missed","stadium"
"J.Myers",41,"outdoors","made","stadium"
"J.Myers",27,"dome","made","dome"
"J.Myers",52,"dome","made","dome"
"J.Myers",54,"outdoors","made","stadium"
"J.Myers",45,"outdoors","made","stadium"
"J.Myers",53,"dome","made","dome"
"J.Myers",61,"dome","made","dome"
"J.Myers",39,"outdoors","made","stadium"
"J.Myers",34,"closed","made","dome"
"J.Myers",42,"outdoors","made","stadium"
"J.Myers",56,"outdoors","missed","stadium"
"J.Myers",44,"outdoors","missed","stadium"
"J.Myers",29,"outdoors","made","stadium"
"J.Myers",39,"outdoors","made","stadium"
"J.Myers",61,"outdoors","missed","stadium"
"J.Myers",39,"outdoors","made","stadium"
"J.Myers",33,"outdoors","made","stadium"
"J.Myers",25,"open","made","stadium"
"J.Myers",22,"outdoors","made","stadium"
"J.Myers",42,"open","made","stadium"
"J.Myers",23,"outdoors","made","stadium"
"J.Myers",32,"open","made","stadium"
"J.Myers",31,"outdoors","made","stadium"
"J.Myers",55,"outdoors","made","stadium"
"J.Myers",43,"closed","made","dome"
"J.Myers",37,"outdoors","made","stadium"
"J.Myers",38,"open","made","stadium"
"J.Myers",40,"outdoors","made","stadium"
"J.Myers",54,"outdoors","made","stadium"
"J.Myers",42,"outdoors","made","stadium"
"J.Myers",32,"outdoors","made","stadium"
"J.Sanders",38,"outdoors","made","stadium"
"J.Sanders",47,"outdoors","missed","stadium"
"J.Sanders",56,"closed","made","dome"
"J.Sanders",24,"outdoors","made","stadium"
"J.Sanders",48,"outdoors","made","stadium"
"J.Sanders",46,"outdoors","missed","stadium"
"J.Sanders",29,"outdoors","made","stadium"
"J.Sanders",37,"outdoors","made","stadium"
"J.Sanders",41,"outdoors","made","stadium"
"J.Sanders",46,"outdoors","made","stadium"
"J.Sanders",29,"closed","made","dome"
"J.Sanders",50,"dome","made","dome"
"J.Sanders",48,"dome","made","dome"
"J.Sanders",34,"outdoors","missed","stadium"
"J.Sanders",51,"outdoors","made","stadium"
"J.Sanders",49,"outdoors","made","stadium"
"J.Sanders",23,"outdoors","made","stadium"
"J.Sanders",24,"outdoors","made","stadium"
"J.Sanders",23,"outdoors","made","stadium"
"J.Sanders",24,"outdoors","made","stadium"
"J.Sanders",27,"outdoors","made","stadium"
"J.Sanders",32,"outdoors","made","stadium"
"J.Sanders",29,"outdoors","made","stadium"
"J.Sanders",36,"outdoors","missed","stadium"
"J.Scobee",26,"open","made","stadium"
"J.Scobee",35,"outdoors","made","stadium"
"J.Scobee",51,"outdoors","made","stadium"
"J.Scobee",22,"outdoors","made","stadium"
"J.Scobee",38,"outdoors","made","stadium"
"J.Scobee",48,"dome","made","dome"
"J.Scobee",24,"outdoors","made","stadium"
"J.Scobee",31,"outdoors","made","stadium"
"J.Scobee",26,"outdoors","made","stadium"
"J.Scobee",54,"outdoors","made","stadium"
"J.Scobee",41,"dome","made","dome"
"J.Scobee",39,"outdoors","made","stadium"
"J.Scobee",38,"outdoors","made","stadium"
"J.Scobee",32,"outdoors","made","stadium"
"J.Scobee",35,"outdoors","made","stadium"
"J.Scobee",37,"closed","made","dome"
"J.Scobee",34,"outdoors","made","stadium"
"J.Scobee",25,"outdoors","made","stadium"
"J.Scobee",22,"outdoors","made","stadium"
"J.Scobee",25,"outdoors","made","stadium"
"J.Scobee",42,"outdoors","missed","stadium"
"J.Scobee",43,"outdoors","made","stadium"
"J.Scobee",44,"outdoors","made","stadium"
"J.Scobee",49,"outdoors","made","stadium"
"J.Scobee",25,"outdoors","made","stadium"
"J.Scobee",49,"outdoors","missed","stadium"
"J.Scobee",45,"outdoors","made","stadium"
"J.Scobee",44,"closed","made","dome"
"J.Tucker",38,"outdoors","made","stadium"
"J.Tucker",50,"outdoors","made","stadium"
"J.Tucker",22,"outdoors","made","stadium"
"J.Tucker",50,"outdoors","made","stadium"
"J.Tucker",53,"outdoors","made","stadium"
"J.Tucker",46,"outdoors","made","stadium"
"J.Tucker",61,"outdoors","missed","stadium"
"J.Tucker",38,"outdoors","made","stadium"
"J.Tucker",24,"outdoors","made","stadium"
"J.Tucker",38,"outdoors","made","stadium"
"J.Tucker",32,"closed","made","dome"
"J.Tucker",45,"outdoors","made","stadium"
"J.Tucker",43,"outdoors","made","stadium"
"J.Tucker",20,"outdoors","made","stadium"
"J.Tucker",57,"outdoors","missed","stadium"
"J.Tucker",34,"outdoors","made","stadium"
"J.Tucker",28,"outdoors","made","stadium"
"J.Tucker",49,"outdoors","made","stadium"
"J.Tucker",49,"outdoors","made","stadium"
"J.Tucker",22,"outdoors","made","stadium"
"J.Tucker",28,"outdoors","made","stadium"
"J.Tucker",32,"outdoors","made","stadium"
"J.Tucker",22,"outdoors","made","stadium"
"J.Tucker",57,"dome","made","dome"
"J.Tucker",43,"outdoors","made","stadium"
"J.Tucker",28,"outdoors","made","stadium"
"J.Tucker",55,"outdoors","made","stadium"
"J.Tucker",24,"outdoors","made","stadium"
"J.Tucker",51,"outdoors","missed","stadium"
"J.Tucker",50,"outdoors","made","stadium"
"J.Tucker",26,"outdoors","made","stadium"
"J.Tucker",45,"outdoors","made","stadium"
"J.Tucker",32,"dome","made","dome"
"J.Tucker",49,"dome","missed","dome"
"J.Tucker",47,"outdoors","made","stadium"
"J.Tucker",36,"outdoors","made","stadium"
"J.Tucker",47,"outdoors","made","stadium"
"J.Tucker",49,"outdoors","made","stadium"
"J.Tucker",53,"outdoors","missed","stadium"
"J.Tucker",28,"outdoors","made","stadium"
"J.Tucker",48,"outdoors","made","stadium"
"J.Tucker",48,"outdoors","made","stadium"
"J.Tucker",43,"outdoors","missed","stadium"
"J.Tucker",42,"outdoors","made","stadium"
"J.Tucker",32,"outdoors","made","stadium"
"J.Tucker",65,"outdoors","missed","stadium"
"J.Tucker",21,"outdoors","made","stadium"
"J.Tucker",53,"outdoors","made","stadium"
"J.Tucker",50,"outdoors","made","stadium"
"J.Tucker",54,"outdoors","missed","stadium"
"J.Tucker",50,"outdoors","missed","stadium"
"J.Tucker",25,"outdoors","made","stadium"
"J.Tucker",33,"outdoors","made","stadium"
"J.Tucker",47,"outdoors","missed","stadium"
"J.Tucker",49,"outdoors","made","stadium"
"J.Tucker",45,"outdoors","made","stadium"
"J.Tucker",24,"outdoors","made","stadium"
"J.Tucker",24,"outdoors","made","stadium"
"J.Tucker",51,"outdoors","made","stadium"
"J.Tucker",57,"outdoors","missed","stadium"
"J.Tucker",20,"outdoors","made","stadium"
"J.Tucker",37,"outdoors","made","stadium"
"J.Tucker",21,"outdoors","made","stadium"
"J.Tucker",62,"outdoors","missed","stadium"
"J.Tucker",39,"outdoors","made","stadium"
"J.Tucker",23,"outdoors","made","stadium"
"J.Tucker",46,"outdoors","made","stadium"
"J.Tucker",51,"outdoors","missed","stadium"
"J.Tucker",47,"closed","made","dome"
"J.Tucker",45,"outdoors","missed","stadium"
"J.Tucker",28,"outdoors","made","stadium"
"K.Fairbairn",35,"closed","made","dome"
"K.Fairbairn",47,"open","made","stadium"
"K.Fairbairn",21,"closed","made","dome"
"K.Fairbairn",31,"open","made","stadium"
"K.Fairbairn",48,"closed","missed","dome"
"K.Fairbairn",33,"closed","made","dome"
"K.Fairbairn",52,"closed","missed","dome"
"K.Fairbairn",43,"closed","made","dome"
"K.Fairbairn",34,"closed","made","dome"
"K.Fairbairn",29,"closed","made","dome"
"K.Fairbairn",45,NA,"missed","dome"
"K.Fairbairn",42,"dome","made","dome"
"K.Fairbairn",19,"closed","made","dome"
"K.Fairbairn",39,"closed","missed","dome"
"K.Fairbairn",56,"outdoors","missed","stadium"
"K.Fairbairn",39,"closed","made","dome"
"K.Fairbairn",29,"closed","made","dome"
"K.Fairbairn",34,"outdoors","made","stadium"
"K.Fairbairn",21,NA,"made","dome"
"K.Fairbairn",46,"outdoors","missed","stadium"
"K.Fairbairn",25,"outdoors","made","stadium"
"K.Fairbairn",20,"closed","made","dome"
"K.Fairbairn",28,"closed","made","dome"
"K.Fairbairn",26,"dome","made","dome"
"K.Fairbairn",40,"closed","made","dome"
"K.Fairbairn",43,"outdoors","made","stadium"
"K.Fairbairn",47,"closed","made","dome"
"K.Fairbairn",40,"closed","made","dome"
"K.Forbath",30,"outdoors","made","stadium"
"K.Forbath",22,"outdoors","made","stadium"
"K.Forbath",33,"outdoors","missed","stadium"
"K.Forbath",45,"outdoors","made","stadium"
"K.Forbath",22,"dome","made","dome"
"K.Forbath",47,"outdoors","missed","stadium"
"K.Forbath",33,"dome","made","dome"
"K.Forbath",43,"closed","made","dome"
"K.Forbath",33,"outdoors","made","stadium"
"K.Forbath",25,"closed","made","dome"
"K.Forbath",55,"dome","missed","dome"
"K.Forbath",41,"dome","made","dome"
"K.Forbath",32,"dome","made","dome"
"K.Forbath",27,"outdoors","made","stadium"
"K.Forbath",36,"dome","made","dome"
"K.Forbath",25,"outdoors","made","stadium"
"K.Forbath",46,"dome","missed","dome"
"K.Forbath",36,"dome","made","dome"
"K.Forbath",53,"outdoors","made","stadium"
"K.Forbath",26,"outdoors","made","stadium"
"K.Forbath",52,"dome","made","dome"
"K.Forbath",45,"dome","made","dome"
"K.Forbath",40,"outdoors","missed","stadium"
"K.Forbath",29,"closed","made","dome"
"K.Forbath",25,"outdoors","made","stadium"
"K.Forbath",48,"closed","made","dome"
"K.Forbath",20,"dome","made","dome"
"K.Forbath",31,"outdoors","made","stadium"
"K.Forbath",38,"outdoors","made","stadium"
"K.Forbath",25,"closed","made","dome"
"M.Bryant",42,"dome","made","dome"
"M.Bryant",44,"outdoors","made","stadium"
"M.Bryant",37,"dome","made","dome"
"M.Bryant",43,"outdoors","made","stadium"
"M.Bryant",42,"outdoors","made","stadium"
"M.Bryant",35,"closed","made","dome"
"M.Bryant",37,"outdoors","made","stadium"
"M.Bryant",40,"dome","made","dome"
"M.Bryant",55,"dome","made","dome"
"M.Bryant",56,"closed","made","dome"
"M.Bryant",30,"dome","made","dome"
"M.Bryant",45,"open","made","stadium"
"M.Bryant",41,"dome","made","dome"
"M.Bryant",26,"outdoors","made","stadium"
"M.Bryant",53,"outdoors","missed","stadium"
"M.Bryant",46,"outdoors","missed","stadium"
"M.Bryant",59,"closed","missed","dome"
"M.Bryant",53,"dome","made","dome"
"M.Bryant",51,"dome","made","dome"
"M.Bryant",24,"dome","made","dome"
"M.Bryant",20,"outdoors","made","stadium"
"M.Bryant",21,"dome","made","dome"
"M.Bryant",28,"dome","made","dome"
"M.Bryant",47,"dome","made","dome"
"M.Bryant",21,"outdoors","made","stadium"
"M.Bryant",52,"dome","missed","dome"
"M.Bryant",33,"outdoors","missed","stadium"
"M.Bryant",19,"outdoors","made","stadium"
"M.Bryant",28,"outdoors","made","stadium"
"M.Bryant",57,"outdoors","made","stadium"
"M.Bryant",43,"dome","missed","dome"
"M.Bryant",37,"dome","missed","dome"
"M.Bryant",39,"dome","made","dome"
"M.Bryant",53,"outdoors","missed","stadium"
"M.Bryant",44,"dome","made","dome"
"M.Bryant",22,"dome","made","dome"
"M.Bryant",28,"dome","made","dome"
"M.Bryant",37,"dome","made","dome"
"M.Bryant",48,"dome","made","dome"
"M.Bryant",30,"closed","made","dome"
"M.Bryant",20,"outdoors","made","stadium"
"M.Bryant",45,"dome","made","dome"
"M.Bryant",40,"dome","made","dome"
"M.Bryant",38,"dome","made","dome"
"M.Bryant",28,"dome","made","dome"
"M.Bryant",37,"outdoors","missed","stadium"
"M.Bryant",43,"outdoors","made","stadium"
"M.Bryant",35,"outdoors","made","stadium"
"M.Bryant",57,"open","made","stadium"
"M.Bryant",36,"closed","made","dome"
"M.Bryant",30,"closed","made","dome"
"M.Bryant",53,"open","made","stadium"
"M.Bryant",43,"dome","made","dome"
"M.Bryant",41,"open","made","stadium"
"M.Bryant",36,"dome","made","dome"
"M.Bryant",53,"outdoors","made","stadium"
"M.Bryant",20,"dome","made","dome"
"M.Crosby",57,"dome","made","dome"
"M.Crosby",47,"dome","made","dome"
"M.Crosby",35,"outdoors","made","stadium"
"M.Crosby",49,"dome","made","dome"
"M.Crosby",26,"dome","made","dome"
"M.Crosby",22,"dome","made","dome"
"M.Crosby",29,"outdoors","missed","stadium"
"M.Crosby",43,"outdoors","made","stadium"
"M.Crosby",31,"outdoors","made","stadium"
"M.Crosby",37,"outdoors","made","stadium"
"M.Crosby",44,"outdoors","made","stadium"
"M.Crosby",43,"outdoors","made","stadium"
"M.Crosby",38,"outdoors","made","stadium"
"M.Crosby",41,"outdoors","made","stadium"
"M.Crosby",23,"outdoors","made","stadium"
"M.Crosby",59,"outdoors","missed","stadium"
"M.Crosby",49,"dome","made","dome"
"M.Crosby",50,"dome","missed","dome"
"M.Crosby",34,"outdoors","made","stadium"
"M.Crosby",20,"outdoors","made","stadium"
"M.Crosby",42,"outdoors","made","stadium"
"M.Crosby",22,"outdoors","made","stadium"
"M.Crosby",52,"outdoors","missed","stadium"
"M.Crosby",31,"outdoors","made","stadium"
"M.Crosby",48,"outdoors","made","stadium"
"M.Crosby",33,"dome","made","dome"
"M.Crosby",54,"dome","made","dome"
"M.Crosby",37,"outdoors","made","stadium"
"M.Crosby",29,"outdoors","made","stadium"
"M.Crosby",20,"dome","made","dome"
"M.Crosby",32,"outdoors","made","stadium"
"M.Crosby",48,"outdoors","missed","stadium"
"M.Crosby",24,"outdoors","made","stadium"
"M.Crosby",54,"outdoors","missed","stadium"
"M.Crosby",26,"outdoors","made","stadium"
"M.Crosby",23,"outdoors","made","stadium"
"M.Crosby",56,"outdoors","made","stadium"
"M.Crosby",29,"outdoors","missed","stadium"
"M.Crosby",33,"outdoors","made","stadium"
"M.Crosby",45,"outdoors","made","stadium"
"M.Crosby",34,"outdoors","missed","stadium"
"M.Crosby",48,"outdoors","made","stadium"
"M.Crosby",28,"outdoors","made","stadium"
"M.Crosby",40,"outdoors","missed","stadium"
"M.Crosby",53,"outdoors","made","stadium"
"M.Crosby",32,"outdoors","made","stadium"
"M.Crosby",38,"outdoors","made","stadium"
"M.Crosby",48,"outdoors","missed","stadium"
"M.Crosby",45,"outdoors","made","stadium"
"M.Crosby",51,"dome","made","dome"
"M.Crosby",19,"outdoors","made","stadium"
"M.Crosby",57,"outdoors","missed","stadium"
"M.Crosby",52,"outdoors","made","stadium"
"M.Crosby",19,"outdoors","made","stadium"
"M.Crosby",39,"outdoors","made","stadium"
"M.Crosby",21,"outdoors","made","stadium"
"M.Crosby",38,"outdoors","missed","stadium"
"M.Crosby",24,"outdoors","made","stadium"
"M.Crosby",51,"outdoors","made","stadium"
"M.Crosby",31,"outdoors","missed","stadium"
"M.Crosby",23,"dome","made","dome"
"M.Crosby",44,"outdoors","made","stadium"
"M.Crosby",48,"outdoors","missed","stadium"
"M.Crosby",18,"outdoors","made","stadium"
"M.Crosby",54,"dome","made","dome"
"M.Crosby",40,"outdoors","missed","stadium"
"M.Crosby",25,"outdoors","made","stadium"
"M.Crosby",32,"outdoors","missed","stadium"
"M.Crosby",58,"dome","missed","dome"
"M.Nugent",55,"dome","made","dome"
"M.Nugent",42,"outdoors","made","stadium"
"M.Nugent",27,"outdoors","made","stadium"
"M.Nugent",46,"outdoors","made","stadium"
"M.Nugent",24,"outdoors","made","stadium"
"M.Nugent",24,"outdoors","made","stadium"
"M.Nugent",54,"outdoors","missed","stadium"
"M.Nugent",21,"outdoors","made","stadium"
"M.Nugent",42,"outdoors","missed","stadium"
"M.Nugent",45,"outdoors","made","stadium"
"M.Nugent",45,"outdoors","made","stadium"
"M.Nugent",37,"outdoors","made","stadium"
"M.Nugent",32,"outdoors","made","stadium"
"M.Nugent",50,"outdoors","made","stadium"
"M.Nugent",36,"outdoors","missed","stadium"
"M.Nugent",34,"outdoors","made","stadium"
"M.Nugent",23,"outdoors","made","stadium"
"M.Nugent",22,"outdoors","made","stadium"
"M.Nugent",36,"outdoors","made","stadium"
"M.Nugent",36,"outdoors","missed","stadium"
"M.Nugent",50,"outdoors","missed","stadium"
"M.Nugent",22,"outdoors","made","stadium"
"M.Nugent",46,"outdoors","made","stadium"
"M.Nugent",39,"outdoors","made","stadium"
"M.Nugent",22,"outdoors","made","stadium"
"M.Nugent",44,"outdoors","made","stadium"
"M.Nugent",23,"outdoors","made","stadium"
"M.Nugent",52,"outdoors","made","stadium"
"M.Nugent",43,"closed","made","dome"
"M.Nugent",25,"outdoors","made","stadium"
"M.Nugent",25,"outdoors","made","stadium"
"M.Nugent",37,"outdoors","made","stadium"
"M.Nugent",47,"outdoors","made","stadium"
"M.Nugent",22,"outdoors","made","stadium"
"M.Nugent",28,"outdoors","made","stadium"
"M.Nugent",52,"outdoors","missed","stadium"
"M.Nugent",41,"outdoors","made","stadium"
"M.Nugent",22,"dome","made","dome"
"M.Nugent",46,"outdoors","missed","stadium"
"M.Nugent",26,"outdoors","made","stadium"
"M.Nugent",25,"outdoors","made","stadium"
"M.Nugent",26,"outdoors","made","stadium"
"M.Nugent",42,"outdoors","made","stadium"
"M.Nugent",47,"outdoors","made","stadium"
"M.Nugent",38,"outdoors","made","stadium"
"M.Prater",30,"dome","made","dome"
"M.Prater",43,"outdoors","missed","stadium"
"M.Prater",52,"outdoors","made","stadium"
"M.Prater",57,"outdoors","missed","stadium"
"M.Prater",38,"outdoors","made","stadium"
"M.Prater",50,"dome","made","dome"
"M.Prater",29,"dome","made","dome"
"M.Prater",26,"outdoors","made","stadium"
"M.Prater",40,"outdoors","made","stadium"
"M.Prater",45,"outdoors","missed","stadium"
"M.Prater",48,"dome","made","dome"
"M.Prater",32,"outdoors","made","stadium"
"M.Prater",28,"dome","made","dome"
"M.Prater",59,"dome","missed","dome"
"M.Prater",49,"dome","missed","dome"
"M.Prater",47,"closed","made","dome"
"M.Prater",28,"closed","made","dome"
"M.Prater",30,"closed","made","dome"
"M.Prater",19,"dome","made","dome"
"M.Prater",58,"dome","made","dome"
"M.Prater",34,"outdoors","made","stadium"
"M.Prater",39,"outdoors","missed","stadium"
"M.Prater",50,"outdoors","made","stadium"
"M.Prater",53,"outdoors","made","stadium"
"M.Prater",33,"outdoors","made","stadium"
"M.Prater",34,"dome","made","dome"
"M.Prater",33,"outdoors","made","stadium"
"M.Prater",23,"outdoors","made","stadium"
"M.Prater",44,"dome","made","dome"
"M.Prater",47,"outdoors","missed","stadium"
"M.Prater",39,"dome","missed","dome"
"M.Prater",21,"outdoors","made","stadium"
"M.Prater",44,"outdoors","missed","stadium"
"M.Prater",33,"dome","made","dome"
"M.Prater",47,"open","made","stadium"
"M.Prater",47,"closed","made","dome"
"M.Prater",51,"outdoors","made","stadium"
"M.Prater",25,"dome","made","dome"
"M.Prater",22,"outdoors","made","stadium"
"M.Prater",37,"outdoors","made","stadium"
"M.Prater",61,"closed","missed","dome"
"M.Prater",35,"dome","made","dome"
"M.Prater",37,"dome","made","dome"
"M.Prater",30,"outdoors","made","stadium"
"M.Prater",49,"outdoors","made","stadium"
"M.Prater",27,"outdoors","made","stadium"
"M.Prater",62,"closed","made","dome"
"M.Prater",54,"dome","made","dome"
"M.Prater",36,"outdoors","made","stadium"
"M.Prater",47,"dome","made","dome"
"M.Prater",30,"outdoors","made","stadium"
"M.Prater",43,"outdoors","missed","stadium"
"M.Prater",35,"dome","made","dome"
"M.Prater",59,"dome","made","dome"
"M.Prater",32,"outdoors","made","stadium"
"M.Prater",49,"outdoors","made","stadium"
"M.Prater",43,"outdoors","made","stadium"
"M.Prater",50,"closed","made","dome"
"M.Prater",25,"outdoors","made","stadium"
"M.Prater",38,"closed","made","dome"
"M.Prater",38,"dome","made","dome"
"M.Prater",41,"closed","missed","dome"
"M.Prater",51,"dome","made","dome"
"M.Prater",56,"outdoors","made","stadium"
"M.Prater",32,"dome","made","dome"
"M.Prater",53,"outdoors","made","stadium"
"M.Prater",29,"dome","made","dome"
"M.Prater",26,"outdoors","made","stadium"
"M.Prater",27,"outdoors","made","stadium"
"M.Prater",46,"dome","missed","dome"
"N.Folk",44,"outdoors","made","stadium"
"N.Folk",49,"outdoors","missed","stadium"
"N.Folk",56,"outdoors","made","stadium"
"N.Folk",28,"outdoors","made","stadium"
"N.Folk",25,NA,"made","dome"
"N.Folk",32,"outdoors","made","stadium"
"N.Folk",39,"outdoors","made","stadium"
"N.Folk",25,"outdoors","made","stadium"
"N.Folk",40,"outdoors","made","stadium"
"N.Folk",22,"outdoors","made","stadium"
"N.Folk",22,"outdoors","made","stadium"
"N.Folk",31,"outdoors","missed","stadium"
"N.Folk",33,"outdoors","made","stadium"
"N.Folk",43,"outdoors","made","stadium"
"N.Folk",41,"outdoors","made","stadium"
"N.Folk",36,"outdoors","made","stadium"
"N.Folk",54,"outdoors","missed","stadium"
"N.Folk",48,"dome","made","dome"
"N.Folk",47,"outdoors","made","stadium"
"N.Folk",45,"outdoors","made","stadium"
"N.Folk",26,"dome","missed","dome"
"N.Folk",33,"outdoors","made","stadium"
"N.Folk",48,"outdoors","missed","stadium"
"N.Folk",50,"outdoors","made","stadium"
"N.Folk",34,"outdoors","missed","stadium"
"N.Folk",34,"outdoors","made","stadium"
"N.Folk",44,"outdoors","made","stadium"
"N.Folk",45,"closed","made","dome"
"N.Folk",21,"outdoors","made","stadium"
"N.Folk",35,"outdoors","missed","stadium"
"N.Folk",45,"outdoors","made","stadium"
"N.Folk",28,"outdoors","made","stadium"
"N.Folk",28,"outdoors","made","stadium"
"N.Folk",41,"outdoors","made","stadium"
"N.Folk",21,NA,"made","dome"
"N.Folk",31,"dome","made","dome"
"N.Folk",37,"outdoors","made","stadium"
"N.Folk",43,"outdoors","made","stadium"
"N.Folk",24,"dome","made","dome"
"N.Folk",23,"outdoors","made","stadium"
"N.Folk",39,"outdoors","made","stadium"
"N.Folk",44,"outdoors","made","stadium"
"N.Folk",36,"outdoors","made","stadium"
"N.Folk",51,"outdoors","missed","stadium"
"N.Folk",45,"outdoors","made","stadium"
"N.Folk",20,"outdoors","made","stadium"
"N.Folk",30,"dome","made","dome"
"N.Folk",48,"outdoors","missed","stadium"
"N.Folk",32,NA,"made","dome"
"N.Folk",38,"outdoors","made","stadium"
"N.Folk",48,"outdoors","made","stadium"
"N.Folk",50,"outdoors","made","stadium"
"N.Folk",51,"outdoors","made","stadium"
"N.Folk",27,"outdoors","made","stadium"
"N.Folk",32,"outdoors","made","stadium"
"N.Folk",35,"closed","made","dome"
"N.Folk",47,"outdoors","made","stadium"
"N.Folk",30,"outdoors","made","stadium"
"N.Folk",48,"outdoors","made","stadium"
"N.Folk",45,"outdoors","missed","stadium"
"N.Folk",35,"outdoors","missed","stadium"
"N.Novak",46,"outdoors","missed","stadium"
"N.Novak",47,"outdoors","made","stadium"
"N.Novak",33,"outdoors","made","stadium"
"N.Novak",48,"outdoors","missed","stadium"
"N.Novak",36,"outdoors","made","stadium"
"N.Novak",48,"outdoors","made","stadium"
"N.Novak",23,"outdoors","made","stadium"
"N.Novak",36,"outdoors","made","stadium"
"N.Novak",36,"closed","made","dome"
"N.Novak",52,"closed","made","dome"
"N.Novak",30,"outdoors","made","stadium"
"N.Novak",35,"closed","missed","dome"
"N.Novak",29,"outdoors","made","stadium"
"N.Novak",27,"closed","made","dome"
"N.Novak",27,"outdoors","made","stadium"
"N.Novak",44,"outdoors","made","stadium"
"N.Novak",41,"outdoors","made","stadium"
"N.Novak",33,"outdoors","made","stadium"
"N.Novak",48,"closed","missed","dome"
"N.Novak",55,"dome","missed","dome"
"N.Novak",32,"outdoors","made","stadium"
"N.Novak",51,"closed","made","dome"
"N.Novak",52,"outdoors","missed","stadium"
"N.Novak",40,"outdoors","made","stadium"
"N.Novak",52,"outdoors","made","stadium"
"N.Novak",29,"closed","made","dome"
"N.Novak",49,"outdoors","missed","stadium"
"N.Novak",23,"outdoors","made","stadium"
"N.Novak",30,"outdoors","made","stadium"
"N.Novak",56,"closed","missed","dome"
"N.Novak",34,"outdoors","made","stadium"
"N.Novak",45,"outdoors","missed","stadium"
"N.Novak",44,"outdoors","missed","stadium"
"N.Novak",51,"closed","made","dome"
"N.Novak",26,"outdoors","made","stadium"
"N.Novak",32,"closed","made","dome"
"N.Novak",50,"outdoors","made","stadium"
"N.Novak",28,"closed","made","dome"
"P.Dawson",35,"outdoors","made","stadium"
"P.Dawson",22,"outdoors","made","stadium"
"P.Dawson",50,"outdoors","made","stadium"
"P.Dawson",52,"outdoors","made","stadium"
"P.Dawson",43,"outdoors","made","stadium"
"P.Dawson",32,"outdoors","made","stadium"
"P.Dawson",19,"outdoors","made","stadium"
"P.Dawson",23,"dome","made","dome"
"P.Dawson",56,"closed","made","dome"
"P.Dawson",23,"outdoors","made","stadium"
"P.Dawson",47,"outdoors","made","stadium"
"P.Dawson",45,"closed","missed","dome"
"P.Dawson",41,"outdoors","made","stadium"
"P.Dawson",37,"outdoors","made","stadium"
"P.Dawson",24,"dome","made","dome"
"P.Dawson",47,"outdoors","missed","stadium"
"P.Dawson",29,"closed","made","dome"
"P.Dawson",37,"closed","missed","dome"
"P.Dawson",55,"dome","made","dome"
"P.Dawson",19,"outdoors","made","stadium"
"P.Dawson",24,"outdoors","made","stadium"
"P.Dawson",48,"outdoors","missed","stadium"
"P.Dawson",34,"closed","made","dome"
"P.Dawson",41,"outdoors","made","stadium"
"P.Dawson",34,"outdoors","made","stadium"
"P.Dawson",53,"outdoors","made","stadium"
"P.Dawson",35,"outdoors","made","stadium"
"P.Dawson",41,"outdoors","made","stadium"
"P.Dawson",51,"closed","made","dome"
"P.Dawson",43,"closed","made","dome"
"P.Dawson",53,"outdoors","made","stadium"
"P.Dawson",34,"outdoors","made","stadium"
"P.Dawson",28,"outdoors","made","stadium"
"P.Dawson",28,"outdoors","made","stadium"
"P.Dawson",43,"open","made","stadium"
"P.Dawson",35,"closed","made","dome"
"P.Dawson",30,"outdoors","made","stadium"
"P.Dawson",44,"outdoors","made","stadium"
"P.Dawson",49,"outdoors","made","stadium"
"P.Dawson",52,"outdoors","made","stadium"
"P.Dawson",32,"outdoors","missed","stadium"
"P.Dawson",19,"outdoors","made","stadium"
"P.Dawson",29,"outdoors","made","stadium"
"P.Dawson",51,"outdoors","made","stadium"
"P.Dawson",23,"outdoors","made","stadium"
"P.Dawson",28,"outdoors","made","stadium"
"P.Dawson",42,"outdoors","made","stadium"
"P.Dawson",43,"outdoors","made","stadium"
"P.Dawson",29,"outdoors","made","stadium"
"P.Dawson",42,"outdoors","made","stadium"
"R.Bironas",43,"outdoors","made","stadium"
"R.Bironas",43,"outdoors","missed","stadium"
"R.Bironas",24,"outdoors","made","stadium"
"R.Bironas",46,"dome","made","dome"
"R.Bironas",40,"outdoors","made","stadium"
"R.Bironas",52,"outdoors","made","stadium"
"R.Bironas",38,"outdoors","made","stadium"
"R.Bironas",55,"outdoors","made","stadium"
"R.Bironas",37,"outdoors","made","stadium"
"R.Bironas",37,"outdoors","made","stadium"
"R.Bironas",21,"outdoors","made","stadium"
"R.Bironas",33,"closed","made","dome"
"R.Bironas",46,"outdoors","made","stadium"
"R.Bironas",25,"closed","made","dome"
"R.Bironas",48,"outdoors","made","stadium"
"R.Bironas",32,"outdoors","missed","stadium"
"R.Bironas",55,"outdoors","made","stadium"
"R.Bironas",39,"outdoors","made","stadium"
"R.Bironas",39,"outdoors","made","stadium"
"R.Bironas",33,"outdoors","made","stadium"
"R.Bironas",33,"outdoors","made","stadium"
"R.Bironas",48,"outdoors","made","stadium"
"R.Bironas",21,"closed","made","dome"
"R.Bullock",44,"outdoors","made","stadium"
"R.Bullock",37,"closed","made","dome"
"R.Bullock",34,"outdoors","made","stadium"
"R.Bullock",47,"closed","made","dome"
"R.Bullock",47,"outdoors","made","stadium"
"R.Bullock",36,"closed","made","dome"
"R.Bullock",51,"closed","made","dome"
"R.Bullock",22,"outdoors","made","stadium"
"R.Bullock",46,"outdoors","made","stadium"
"R.Bullock",42,"closed","made","dome"
"R.Bullock",53,"outdoors","missed","stadium"
"R.Bullock",41,"outdoors","made","stadium"
"R.Bullock",34,"outdoors","made","stadium"
"R.Bullock",41,"outdoors","made","stadium"
"R.Bullock",51,"outdoors","made","stadium"
"R.Bullock",48,"outdoors","missed","stadium"
"R.Bullock",29,"outdoors","made","stadium"
"R.Bullock",23,"outdoors","made","stadium"
"R.Bullock",43,"outdoors","made","stadium"
"R.Bullock",33,"outdoors","made","stadium"
"R.Bullock",35,"closed","made","dome"
"R.Bullock",38,"outdoors","made","stadium"
"R.Bullock",58,"outdoors","missed","stadium"
"R.Bullock",36,"outdoors","made","stadium"
"R.Bullock",27,"outdoors","made","stadium"
"R.Bullock",24,"outdoors","made","stadium"
"R.Bullock",34,"outdoors","made","stadium"
"R.Bullock",40,"closed","made","dome"
"R.Bullock",35,"outdoors","made","stadium"
"R.Bullock",29,"outdoors","made","stadium"
"R.Bullock",55,"closed","made","dome"
"R.Bullock",27,"outdoors","made","stadium"
"R.Bullock",39,"closed","missed","dome"
"R.Bullock",40,"outdoors","made","stadium"
"R.Bullock",47,"outdoors","made","stadium"
"R.Bullock",32,"outdoors","made","stadium"
"R.Bullock",30,"closed","made","dome"
"R.Bullock",44,"outdoors","made","stadium"
"R.Bullock",38,"outdoors","made","stadium"
"R.Bullock",42,"closed","made","dome"
"R.Bullock",45,"closed","missed","dome"
"R.Bullock",43,"outdoors","made","stadium"
"R.Bullock",48,"outdoors","made","stadium"
"R.Bullock",44,"outdoors","made","stadium"
"R.Bullock",53,"closed","made","dome"
"R.Bullock",25,"closed","made","dome"
"R.Gould",37,"outdoors","made","stadium"
"R.Gould",35,"dome","made","dome"
"R.Gould",47,"outdoors","missed","stadium"
"R.Gould",28,"outdoors","made","stadium"
"R.Gould",50,"outdoors","made","stadium"
"R.Gould",46,"outdoors","made","stadium"
"R.Gould",34,"outdoors","missed","stadium"
"R.Gould",25,"dome","made","dome"
"R.Gould",51,"outdoors","made","stadium"
"R.Gould",36,"outdoors","missed","stadium"
"R.Gould",23,"dome","made","dome"
"R.Gould",37,"outdoors","made","stadium"
"R.Gould",48,"outdoors","made","stadium"
"R.Gould",27,"outdoors","made","stadium"
"R.Gould",42,"dome","made","dome"
"R.Gould",51,"outdoors","made","stadium"
"R.Gould",20,"outdoors","made","stadium"
"R.Gould",57,"outdoors","missed","stadium"
"R.Gould",45,"outdoors","missed","stadium"
"R.Gould",30,"outdoors","made","stadium"
"R.Gould",32,"outdoors","made","stadium"
"R.Gould",44,"outdoors","made","stadium"
"R.Gould",35,"outdoors","made","stadium"
"R.Gould",45,"outdoors","made","stadium"
"R.Gould",40,"outdoors","made","stadium"
"R.Gould",37,"outdoors","made","stadium"
"R.Gould",45,"outdoors","made","stadium"
"R.Gould",40,"outdoors","made","stadium"
"R.Gould",48,"outdoors","made","stadium"
"R.Gould",22,"outdoors","made","stadium"
"R.Gould",47,"outdoors","missed","stadium"
"R.Gould",22,"outdoors","made","stadium"
"R.Gould",40,"closed","made","dome"
"R.Gould",49,"outdoors","made","stadium"
"R.Gould",51,"outdoors","made","stadium"
"R.Gould",27,"outdoors","made","stadium"
"R.Gould",47,"outdoors","missed","stadium"
"R.Gould",41,"outdoors","missed","stadium"
"R.Gould",53,"outdoors","made","stadium"
"R.Gould",36,"outdoors","made","stadium"
"R.Gould",39,"outdoors","made","stadium"
"R.Gould",41,"closed","made","dome"
"R.Gould",35,"outdoors","made","stadium"
"R.Gould",43,"outdoors","missed","stadium"
"R.Gould",39,"outdoors","made","stadium"
"R.Gould",35,"outdoors","made","stadium"
"R.Gould",47,"outdoors","made","stadium"
"R.Gould",35,"outdoors","missed","stadium"
"R.Gould",22,"outdoors","made","stadium"
"R.Gould",32,"dome","made","dome"
"R.Gould",24,"outdoors","made","stadium"
"R.Gould",20,"outdoors","made","stadium"
"R.Gould",35,"outdoors","made","stadium"
"R.Gould",27,"dome","made","dome"
"R.Gould",20,"outdoors","made","stadium"
"R.Gould",41,"outdoors","made","stadium"
"R.Gould",54,"dome","made","dome"
"R.Gould",47,"outdoors","missed","stadium"
"R.Gould",36,"outdoors","made","stadium"
"R.Gould",23,"outdoors","made","stadium"
"R.Gould",44,"dome","made","dome"
"R.Gould",24,"outdoors","made","stadium"
"R.Gould",22,"outdoors","made","stadium"
"R.Gould",43,"closed","made","dome"
"R.Gould",24,"outdoors","made","stadium"
"R.Succop",39,"outdoors","made","stadium"
"R.Succop",40,"outdoors","made","stadium"
"R.Succop",39,"outdoors","made","stadium"
"R.Succop",35,"outdoors","made","stadium"
"R.Succop",23,"outdoors","made","stadium"
"R.Succop",23,"outdoors","made","stadium"
"R.Succop",30,"outdoors","made","stadium"
"R.Succop",48,"closed","made","dome"
"R.Succop",43,"outdoors","missed","stadium"
"R.Succop",21,"outdoors","made","stadium"
"R.Succop",33,"outdoors","made","stadium"
"R.Succop",45,"open","made","stadium"
"R.Succop",22,"outdoors","made","stadium"
"R.Succop",40,"outdoors","made","stadium"
"R.Succop",42,"outdoors","made","stadium"
"R.Succop",24,"outdoors","made","stadium"
"R.Succop",40,"outdoors","made","stadium"
"R.Succop",43,"outdoors","made","stadium"
"R.Succop",51,"dome","missed","dome"
"R.Succop",40,"outdoors","made","stadium"
"R.Succop",55,"dome","missed","dome"
"R.Succop",38,"dome","made","dome"
"R.Succop",36,"outdoors","made","stadium"
"R.Succop",30,"outdoors","made","stadium"
"R.Succop",29,"dome","made","dome"
"R.Succop",50,"outdoors","made","stadium"
"R.Succop",52,"outdoors","made","stadium"
"R.Succop",48,"outdoors","made","stadium"
"R.Succop",28,"outdoors","made","stadium"
"R.Succop",43,"outdoors","made","stadium"
"R.Succop",20,"outdoors","made","stadium"
"R.Succop",52,"outdoors","missed","stadium"
"R.Succop",36,"open","made","stadium"
"R.Succop",45,"dome","made","dome"
"R.Succop",32,"outdoors","made","stadium"
"R.Succop",28,"outdoors","made","stadium"
"R.Succop",30,"outdoors","made","stadium"
"R.Succop",49,"outdoors","made","stadium"
"R.Succop",31,"outdoors","made","stadium"
"R.Succop",40,"outdoors","made","stadium"
"R.Succop",38,"outdoors","made","stadium"
"R.Succop",47,"outdoors","made","stadium"
"R.Succop",23,"outdoors","made","stadium"
"R.Succop",38,"dome","made","dome"
"R.Succop",23,"outdoors","made","stadium"
"R.Succop",44,"dome","missed","dome"
"R.Succop",36,"outdoors","made","stadium"
"R.Succop",33,"outdoors","made","stadium"
"R.Succop",48,"outdoors","missed","stadium"
"R.Succop",46,"outdoors","made","stadium"
"R.Succop",48,"outdoors","made","stadium"
"R.Succop",25,"outdoors","made","stadium"
"R.Succop",36,"outdoors","made","stadium"
"R.Succop",56,"outdoors","missed","stadium"
"R.Succop",35,"outdoors","made","stadium"
"R.Succop",34,"outdoors","missed","stadium"
"R.Succop",48,"outdoors","made","stadium"
"R.Succop",36,"outdoors","made","stadium"
"R.Succop",25,"outdoors","made","stadium"
"R.Succop",41,"outdoors","made","stadium"
"R.Succop",53,"dome","made","dome"
"R.Succop",49,"outdoors","made","stadium"
"R.Succop",36,"outdoors","made","stadium"
"S.Gostkowski",54,"outdoors","made","stadium"
"S.Gostkowski",37,"outdoors","missed","stadium"
"S.Gostkowski",22,"outdoors","made","stadium"
"S.Gostkowski",35,"outdoors","made","stadium"
"S.Gostkowski",35,"outdoors","made","stadium"
"S.Gostkowski",25,"outdoors","made","stadium"
"S.Gostkowski",39,"outdoors","missed","stadium"
"S.Gostkowski",42,"outdoors","missed","stadium"
"S.Gostkowski",40,"outdoors","made","stadium"
"S.Gostkowski",27,"outdoors","missed","stadium"
"S.Gostkowski",46,"outdoors","missed","stadium"
"S.Gostkowski",48,"dome","made","dome"
"S.Gostkowski",27,"outdoors","missed","stadium"
"S.Gostkowski",34,"outdoors","made","stadium"
"S.Gostkowski",38,"outdoors","made","stadium"
"S.Gostkowski",42,"outdoors","made","stadium"
"S.Gostkowski",47,"outdoors","missed","stadium"
"S.Gostkowski",39,"outdoors","made","stadium"
"S.Gostkowski",26,"outdoors","made","stadium"
"S.Gostkowski",45,"outdoors","made","stadium"
"S.Gostkowski",40,"outdoors","made","stadium"
"S.Gostkowski",42,"outdoors","missed","stadium"
"S.Gostkowski",25,"outdoors","made","stadium"
"S.Gostkowski",23,"outdoors","made","stadium"
"S.Gostkowski",53,"outdoors","made","stadium"
"S.Gostkowski",35,"closed","made","dome"
"S.Gostkowski",32,"outdoors","made","stadium"
"S.Gostkowski",40,"outdoors","made","stadium"
"S.Gostkowski",36,"outdoors","made","stadium"
"S.Gostkowski",46,"outdoors","made","stadium"
"S.Gostkowski",33,"outdoors","made","stadium"
"S.Gostkowski",48,"outdoors","missed","stadium"
"S.Gostkowski",25,"outdoors","made","stadium"
"S.Gostkowski",29,"outdoors","made","stadium"
"S.Gostkowski",51,"outdoors","made","stadium"
"S.Gostkowski",42,"outdoors","made","stadium"
"S.Gostkowski",42,"outdoors","made","stadium"
"S.Gostkowski",42,"outdoors","made","stadium"
"S.Gostkowski",48,"outdoors","missed","stadium"
"S.Gostkowski",30,"outdoors","made","stadium"
"S.Gostkowski",58,"outdoors","made","stadium"
"S.Gostkowski",25,"outdoors","made","stadium"
"S.Gostkowski",41,"outdoors","made","stadium"
"S.Gostkowski",47,"outdoors","made","stadium"
"S.Gostkowski",39,"outdoors","made","stadium"
"S.Gostkowski",30,"outdoors","made","stadium"
"S.Gostkowski",31,"outdoors","made","stadium"
"S.Gostkowski",45,"outdoors","made","stadium"
"S.Gostkowski",43,"outdoors","made","stadium"
"S.Gostkowski",38,"outdoors","made","stadium"
"S.Gostkowski",48,"outdoors","made","stadium"
"S.Gostkowski",36,"outdoors","made","stadium"
"S.Gostkowski",35,"outdoors","made","stadium"
"S.Gostkowski",48,"outdoors","missed","stadium"
"S.Gostkowski",50,"outdoors","made","stadium"
"S.Gostkowski",34,"outdoors","made","stadium"
"S.Gostkowski",56,"outdoors","missed","stadium"
"S.Gostkowski",29,"outdoors","made","stadium"
"S.Gostkowski",46,"outdoors","made","stadium"
"S.Gostkowski",26,"outdoors","made","stadium"
"S.Gostkowski",39,"outdoors","made","stadium"
"S.Gostkowski",32,"outdoors","made","stadium"
"S.Gostkowski",48,"outdoors","made","stadium"
"S.Gostkowski",53,"outdoors","made","stadium"
"S.Gostkowski",29,"outdoors","made","stadium"
"S.Gostkowski",35,"outdoors","made","stadium"
"S.Hauschka",55,"closed","made","dome"
"S.Hauschka",36,"closed","made","dome"
"S.Hauschka",47,"outdoors","made","stadium"
"S.Hauschka",43,"outdoors","missed","stadium"
"S.Hauschka",50,"outdoors","made","stadium"
"S.Hauschka",26,"outdoors","made","stadium"
"S.Hauschka",31,"outdoors","made","stadium"
"S.Hauschka",39,"outdoors","made","stadium"
"S.Hauschka",36,"closed","made","dome"
"S.Hauschka",35,"outdoors","made","stadium"
"S.Hauschka",43,"outdoors","made","stadium"
"S.Hauschka",51,"outdoors","made","stadium"
"S.Hauschka",29,"outdoors","made","stadium"
"S.Hauschka",40,"outdoors","made","stadium"
"S.Hauschka",54,"outdoors","missed","stadium"
"S.Hauschka",27,"outdoors","made","stadium"
"S.Hauschka",50,"closed","missed","dome"
"S.Hauschka",42,"outdoors","made","stadium"
"S.Hauschka",31,"outdoors","made","stadium"
"S.Hauschka",24,"outdoors","made","stadium"
"S.Hauschka",32,"closed","made","dome"
"S.Hauschka",27,"outdoors","made","stadium"
"S.Hauschka",51,"outdoors","made","stadium"
"S.Hauschka",30,"outdoors","made","stadium"
"S.Hauschka",52,"outdoors","missed","stadium"
"S.Hauschka",33,"outdoors","made","stadium"
"S.Hauschka",40,"outdoors","made","stadium"
"S.Hauschka",23,"dome","made","dome"
"S.Hauschka",43,"outdoors","made","stadium"
"S.Hauschka",33,"outdoors","made","stadium"
"S.Hauschka",46,"outdoors","missed","stadium"
"S.Hauschka",51,"closed","made","dome"
"S.Hauschka",50,"outdoors","made","stadium"
"S.Hauschka",25,"dome","made","dome"
"S.Hauschka",51,"outdoors","made","stadium"
"S.Hauschka",46,"outdoors","made","stadium"
"S.Hauschka",35,"outdoors","made","stadium"
"S.Hauschka",28,"outdoors","made","stadium"
"S.Hauschka",24,"closed","missed","dome"
"S.Hauschka",44,"outdoors","made","stadium"
"S.Hauschka",40,"outdoors","made","stadium"
"S.Hauschka",48,"closed","missed","dome"
"S.Hauschka",36,"outdoors","made","stadium"
"S.Hauschka",39,"outdoors","made","stadium"
"S.Hauschka",32,"outdoors","made","stadium"
"S.Hauschka",40,"closed","made","dome"
"S.Hauschka",30,"outdoors","made","stadium"
"S.Hauschka",33,"outdoors","made","stadium"
"S.Hauschka",20,"outdoors","made","stadium"
"S.Hauschka",49,"outdoors","missed","stadium"
"S.Hauschka",40,"closed","missed","dome"
"S.Hauschka",39,"outdoors","made","stadium"
"S.Hauschka",58,"outdoors","made","stadium"
"S.Hauschka",27,"outdoors","made","stadium"
"S.Hauschka",52,"outdoors","made","stadium"
"S.Hauschka",30,"dome","made","dome"
"S.Hauschka",31,"outdoors","made","stadium"
"S.Hauschka",41,"outdoors","made","stadium"
"S.Hauschka",38,"outdoors","missed","stadium"
"S.Janikowski",32,"outdoors","made","stadium"
"S.Janikowski",27,"outdoors","made","stadium"
"S.Janikowski",33,"outdoors","made","stadium"
"S.Janikowski",63,"outdoors","made","stadium"
"S.Janikowski",48,"outdoors","made","stadium"
"S.Janikowski",23,"outdoors","made","stadium"
"S.Janikowski",43,"outdoors","made","stadium"
"S.Janikowski",30,"outdoors","made","stadium"
"S.Janikowski",20,"outdoors","made","stadium"
"S.Janikowski",47,"outdoors","made","stadium"
"S.Janikowski",58,"outdoors","missed","stadium"
"S.Janikowski",26,"outdoors","made","stadium"
"S.Janikowski",40,"outdoors","made","stadium"
"S.Janikowski",24,"outdoors","made","stadium"
"S.Janikowski",54,"closed","made","dome"
"S.Janikowski",29,"outdoors","made","stadium"
"S.Janikowski",44,"outdoors","made","stadium"
"S.Janikowski",28,"outdoors","made","stadium"
"S.Janikowski",33,"outdoors","made","stadium"
"S.Janikowski",49,"outdoors","missed","stadium"
"S.Janikowski",29,"outdoors","made","stadium"
"S.Janikowski",41,"outdoors","made","stadium"
"S.Janikowski",53,"outdoors","made","stadium"
"S.Janikowski",28,"outdoors","made","stadium"
"S.Janikowski",35,"outdoors","made","stadium"
"S.Janikowski",52,"outdoors","made","stadium"
"S.Janikowski",35,"outdoors","made","stadium"
"S.Janikowski",42,"outdoors","made","stadium"
"S.Janikowski",55,"closed","made","dome"
"S.Janikowski",49,"outdoors","made","stadium"
"S.Janikowski",46,"outdoors","missed","stadium"
"S.Janikowski",29,"outdoors","made","stadium"
"S.Janikowski",35,"outdoors","made","stadium"
"S.Janikowski",19,"outdoors","made","stadium"
"S.Janikowski",33,"outdoors","made","stadium"
"S.Janikowski",27,"outdoors","made","stadium"
"S.Janikowski",50,"outdoors","made","stadium"
"S.Janikowski",64,"outdoors","missed","stadium"
"S.Janikowski",51,"outdoors","made","stadium"
"S.Janikowski",49,"outdoors","made","stadium"
"S.Janikowski",61,"outdoors","missed","stadium"
"S.Janikowski",20,"outdoors","made","stadium"
"S.Janikowski",47,"outdoors","made","stadium"
"S.Janikowski",37,"outdoors","made","stadium"
"S.Janikowski",58,"closed","missed","dome"
"S.Janikowski",35,"outdoors","missed","stadium"
"S.Janikowski",44,"outdoors","made","stadium"
"S.Janikowski",45,"outdoors","missed","stadium"
"S.Janikowski",22,"outdoors","made","stadium"
"S.Janikowski",48,"outdoors","made","stadium"
"S.Suisham",23,"outdoors","made","stadium"
"S.Suisham",38,"closed","made","dome"
"S.Suisham",39,"closed","made","dome"
"S.Suisham",41,"outdoors","made","stadium"
"S.Suisham",54,"outdoors","missed","stadium"
"S.Suisham",44,"outdoors","made","stadium"
"S.Suisham",53,"outdoors","missed","stadium"
"S.Suisham",37,"outdoors","made","stadium"
"S.Suisham",33,"outdoors","made","stadium"
"S.Suisham",42,"outdoors","made","stadium"
"S.Suisham",48,"outdoors","missed","stadium"
"S.Suisham",49,"outdoors","made","stadium"
"S.Suisham",41,"outdoors","made","stadium"
"S.Suisham",30,"outdoors","made","stadium"
"S.Suisham",33,"outdoors","made","stadium"
"S.Suisham",22,"outdoors","made","stadium"
"S.Suisham",34,"outdoors","made","stadium"
"S.Suisham",27,"outdoors","made","stadium"
"S.Suisham",35,"outdoors","made","stadium"
"S.Suisham",49,"outdoors","made","stadium"
"S.Suisham",23,"outdoors","made","stadium"
"S.Suisham",45,"outdoors","made","stadium"
"S.Suisham",29,"outdoors","made","stadium"
"S.Suisham",42,"outdoors","made","stadium"
"S.Suisham",24,"outdoors","made","stadium"
"S.Suisham",25,"outdoors","made","stadium"
"S.Suisham",44,"outdoors","made","stadium"
"S.Suisham",24,"outdoors","made","stadium"
"W.Lutz",35,"outdoors","made","stadium"
"W.Lutz",35,"dome","made","dome"
"W.Lutz",52,"dome","made","dome"
"W.Lutz",28,"dome","made","dome"
"W.Lutz",34,"dome","made","dome"
"W.Lutz",24,"dome","made","dome"
"W.Lutz",28,"outdoors","made","stadium"
"W.Lutz",43,"outdoors","made","stadium"
"W.Lutz",40,"dome","made","dome"
"W.Lutz",34,"outdoors","made","stadium"
"W.Lutz",45,"closed","made","dome"
"W.Lutz",31,"dome","made","dome"
"W.Lutz",53,"dome","missed","dome"
"W.Lutz",55,"dome","made","dome"
"W.Lutz",26,"dome","made","dome"
"W.Lutz",19,"dome","made","dome"
"W.Lutz",33,"closed","made","dome"
"W.Lutz",44,"outdoors","made","stadium"
"W.Lutz",35,"dome","made","dome"
"W.Lutz",56,"outdoors","missed","stadium"
"W.Lutz",61,"dome","missed","dome"
"W.Lutz",53,"dome","made","dome"
"W.Lutz",30,"outdoors","made","stadium"
"W.Lutz",40,"dome","made","dome"
"W.Lutz",42,"dome","made","dome"
"W.Lutz",23,"outdoors","made","stadium"
"W.Lutz",21,"outdoors","made","stadium"
"W.Lutz",43,"dome","made","dome"
"W.Lutz",37,"outdoors","made","stadium"
"W.Lutz",41,"outdoors","missed","stadium"
"W.Lutz",53,"dome","made","dome"
"W.Lutz",30,"outdoors","made","stadium"
"Y.Koo",48,"closed","missed","dome"
"Y.Koo",48,"outdoors","made","stadium"
"Y.Koo",51,"dome","made","dome"
"Y.Koo",32,"outdoors","made","stadium"
"Y.Koo",36,"outdoors","made","stadium"
"Y.Koo",45,"outdoors","made","stadium"
"Y.Koo",40,"outdoors","made","stadium"
"Y.Koo",35,"closed","made","dome"
"Y.Koo",25,"closed","made","dome"
"Y.Koo",43,"outdoors","missed","stadium"
"Y.Koo",52,"dome","made","dome"
"Y.Koo",46,"closed","made","dome"
"Y.Koo",52,"closed","made","dome"
"Y.Koo",36,"outdoors","made","stadium"
"Y.Koo",43,"outdoors","made","stadium"
"Y.Koo",44,"outdoors","missed","stadium"
"Y.Koo",37,"outdoors","made","stadium"
"Y.Koo",31,"outdoors","made","stadium"
"Y.Koo",29,"closed","made","dome"
"Y.Koo",50,NA,"missed","dome"
"Z.Gonzalez",23,"dome","made","dome"
"Z.Gonzalez",24,"outdoors","made","stadium"
"Z.Gonzalez",48,"outdoors","made","stadium"
"Z.Gonzalez",23,"outdoors","made","stadium"
"Z.Gonzalez",34,"closed","made","dome"
"Z.Gonzalez",31,"outdoors","made","stadium"
"Z.Gonzalez",50,"outdoors","made","stadium"
"Z.Gonzalez",21,"outdoors","made","stadium"
"Z.Gonzalez",45,"closed","made","dome"
"Z.Gonzalez",35,"outdoors","missed","stadium"
"Z.Gonzalez",20,"outdoors","made","stadium"
"Z.Gonzalez",49,"closed","made","dome"
"Z.Gonzalez",43,"outdoors","made","stadium"
"Z.Gonzalez",33,"closed","made","dome"
"Z.Gonzalez",49,"closed","made","dome"
"Z.Gonzalez",42,"closed","made","dome"
"Z.Gonzalez",36,"closed","made","dome"
"Z.Gonzalez",28,"closed","made","dome"
"Z.Gonzalez",54,"closed","missed","dome"
"Z.Gonzalez",31,"dome","made","dome"
"Z.Gonzalez",36,"outdoors","made","stadium"
"Z.Gonzalez",26,"closed","made","dome"
